name,abbrv,formula,state,ref1,ref2,date,E_units,G,H,S,Cp,V,a1.a,a2.b,a3.c,a4.d,c1.e,c2.f,omega.lambda,z.T,azero,neutral_ion_type,dissrxn,tag,formula_ox
Al+3,Al+3,Al+3,aq,SSWS97.4 [S98],NA,07.Nov.97,cal,-115609,-126834,-77.7,-32.5,-44.4,-3.3802,-17.0071,14.5185,-2.0758,10.7,-8.06,2.753,3,9,0,,basis,Al+3
AlO+,AlO+,AlO+1,aq,SSWS97.4 [S98],NA,13.Nov.97,cal,-158188,-170900,-27,-30,0.6,2.1705,-2.4811,6.7241,-2.6763,-2.5983,-9.1455,0.957,1,4,0,-1.0000 AlO+ -2.0000 H+ 1.0000 Al+3 1.0000 H2O,,Al+3 O-2
AlO2-,AlO2-,AlO2-1,aq,SSWS97.4 [S98],NA,07.Nov.97,cal,-198693,-222125,-7.22,-11.9,10,3.7221,3.9954,-1.5879,-2.9441,15.2391,-5.4585,1.7418,-1,4,0,-1.0000 AlO2- -4.0000 H+ 1.0000 Al+3 2.0000 H2O,,Al+3 2O-2
AlOH+2,AlOH+2,AlOH+2,aq,SSWS97.4 [S98],NA,13.Nov.97,cal,-165475,-183300,-44.2,13.2,-2.2,2.0469,-2.7813,6.8376,-2.6639,29.7923,-0.3457,1.7247,2,4,0,-1.0000 AlOH+2 -1.0000 H+ 1.0000 Al+3 1.0000 H2O,,Al+3 O-2 H+
B(OH)3,NA,B(OH)3,aq,SHS89 [S92],NA,13.Jul.87,cal,-231540,-256820,37,12,39.22,7.0643,8.8547,3.5844,-3.1451,11.3568,-0.5902,-0.2,0,3,0,,basis,B+3 3H+ 3O-2
Ba(CO3),BaCO3,BaCO3,aq,SSH97 [S98],NA,2.Oct.97,cal,-263830,-285850,16,-34.4,-11.81,0.1361,-7.4461,8.6697,-2.4711,-14.344,-10.0418,-0.038,0,4,0,-1.0000 Ba(CO3) -1.0000 H+ 1.0000 HCO3- 1.0000 Ba+2,,Ba+2 C+4 3O-2
Ba(HCO3)+,NA,Ba(HCO3)+,aq,SK95 [S98],SLOP98.8,Nov.92,cal,-275700,-294350,46.83,NA,NA,7.882,11.464,1.244,-3.253,26.273,4.46,-0.158,1,4,0,-1.0000 Ba(HCO3)+ 1.0000 Ba+2 1.0000 HCO3-,,Ba+2 H+ C+4 3O-2
Ba+2,Ba+2,Ba+2,aq,SH88 [S92],NA,06.Nov.97,cal,-134030,-128500,2.3,-12.3,-12.6,2.7383,-10.0565,-0.047,-2.3633,3.8,-3.45,0.985,2,5,0,,basis,Ba+2
BaCl+,BaCl+,BaCl+,aq,SSH97 [S98],NA,2.Oct.97,cal,-164730,-165323,24,6.67,11.87,3.4534,0.6537,5.4861,-2.806,11.8213,-1.6759,0.1895,1,4,0,-1.0000 BaCl+ 1.0000 Ba+2 1.0000 Cl-,,Ba+2 Cl-
BaF+,BaF+,BaF+,aq,SSH97 [S98],NA,9.Oct.97,cal,-201807,-206931,6.38,10.71,-7,0.916,-5.542,7.9213,-2.5498,16.7731,-0.8065,0.4555,1,4,0,-1.0000 BaF+ 1.0000 Ba+2 1.0000 F-,,Ba+2 F-
BaOH+,BaOH+,BaOH+,aq,SSWS97 [S98],NA,13.Nov.97,cal,-172300,-175900,27.5,-22.4,9.2,3.07,-0.2825,5.8541,-2.7672,-5.7064,-7.5974,0.1362,1,4,0,-1.0000 BaOH+ -1.0000 H+ 1.0000 Ba+2 1.0000 H2O,,Ba+2 O-2 H+
BF4-,BF4-,BF4-,aq,SH88 [S92],NA,16.Feb.88,cal,-355400,-376400,43,-5.6,43,7.9796,11.7027,1.1504,-3.2628,11.8941,-4.1753,0.9779,-1,4,0,-1.0000 BF4- -3.0000 H2O 1.0000 B(OH)3 3.0000 H+ 4.0000 F-,,B+3 4F-
BO2-,BO2-,BO2-,aq,SH88 [S92],NA,06.Nov.97,cal,-162240,-184600,-8.9,-41,-14.5,-2.2428,-6.2065,-6.3216,-2.5224,-1.6521,-11.3863,1.7595,-1,4,0,-1.0000 BO2- -1.0000 H+ -1.0000 H2O 1.0000 B(OH)3,,B+3 2O-2
Br-,Br-,Br-,aq,SH88 [S92],NA,07.Nov.97,cal,-24870,-29040,19.8,-30.42,24.85,5.269,6.594,4.745,-3.143,-3.8,-6.811,1.3858,-1,4,0,,basis,Br- 
Br3-,Br3-,Br3-,aq,SH88 [S92],NA,12.Jul.87,cal,-25590,-31170,51.5,5.6,51.5,9.0992,14.4364,0.0759,-3.3758,17.2705,-1.8939,0.849,-1,4,0,-1.0000 Br3- -1.0000 H2O 3.0000 Br- 2.0000 H+ 0.5000 O2(g),aux,2Br Br-
BrO-,BrO-,BrO-,aq,SSWS97 [S98],SH88.1,13.Nov.97,cal,-8000,-22500,9.7,-28,0.4,2.3206,-2.1131,6.5758,-2.6915,3.4104,-8.7381,1.482,-1,4,0,-1.0000 BrO- 1.0000 HBrO -1.0000 H+,,Br+ O-2
BrO3-,BrO3-,BrO3-,aq,SH88 [S92],NA,07.Nov.97,cal,4450,-16030,38.65,-20.6,35.4,6.9617,9.2173,2.1272,-3.16,3.7059,-7.2308,1.0433,-1,4,0,-1.0000 BrO3- 1.0000 Br- 1.5000 O2(g),aux,Br+5 3O-2
BrO4-,BrO4-,BrO4-,aq,SSWS97 [S98],SH88.1,13.Nov.97,cal,28200,3100,47.6,-5.2,48.7,8.7361,13.5515,0.42,-3.3391,11.4884,-4.0937,0.9085,-1,4,0,-1.0000 BrO4- 1.0000 Br- 2.0000 O2(g),aux,Br+7 4O-2
Ca(CO3),CaCO3,CaCO3,aq,SSH97 [S98],NA,2.Oct.97,cal,-262850,-287390,2.5,-29.6,-15.66,-0.3907,-8.7325,9.1753,-2.4179,-11.5309,-9.0641,-0.038,0,4,0,-1.0000 Ca(CO3) -1.0000 H+ 1.0000 Ca+2 1.0000 HCO3-,,C+4 Ca+2 3O-2
Ca(HCO3)+,NA,Ca(HCO3)+,aq,SK95 [S98],SLOP98.8,Jan.91,cal,-273830,-294350,16,NA,NA,3.706,1.267,5.252,-2.831,41.722,8.336,0.308,1,4,0,-1.0000 Ca(HCO3)+ 1.0000 Ca+2 1.0000 HCO3-,,C+4 Ca+2 H+ 3O-2
Ca(HSiO3)+,Ca(HSiO3)+,Ca(HSiO3)+,aq,SSH97 [S98],NA,9.Oct.97,cal,-376299,-403109,-1.99,32.87,-6.56,1.0647,-5.1787,7.7785,-2.5649,30.8048,3.6619,0.5831,1,4,0,-1.0000 Ca(HSiO3)+ -1.0000 H+ 1.0000 Ca+2 1.0000 H2O 1.0000 SiO2,,Si+4 Ca+2 H+ 3O-2
Ca+2,Ca+2,Ca+2,aq,SH88 [S92],NA,06.Nov.97,cal,-132120,-129800,-13.5,-7.53,-18.06,-0.1947,-7.252,5.2966,-2.4792,9,-2.522,1.2366,2,6,0,,basis,Ca+2
CaCl+,CaCl+,CaCl+,aq,SSH97 [S98],NA,2.Oct.97,cal,-163100,-168607,4.5,17.47,5.74,2.7148,-1.1497,6.1949,-2.7314,20.8839,0.5241,0.4862,1,4,0,-1.0000 CaCl+ 1.0000 Ca+2 1.0000 Cl-,,Ca+2 Cl-
CaCl2,CaCl2,CaCl2,aq,SSH97 [S98],NA,2.Oct.97,cal,-194000,-211060,6,30.96,32.64,6.2187,7.4058,2.8322,-3.0851,23.961,3.272,-0.038,0,4,0,-1.0000 CaCl2 1.0000 Ca+2 2.0000 Cl-,,Ca+2 2Cl-
CaF+,CaF+,CaF+,aq,SSH97 [S98],NA,18.Sep.97,cal,-200390,-208600,-9,30.1,-13.46,0.1568,-7.3958,8.6499,-2.4732,30.1743,3.0968,0.6911,1,4,0,-1.0000 CaF+ 1.0000 Ca+2 1.0000 F-,,Ca+2 F-
CaOH+,CaOH+,CaOH+,aq,SSWS97 [S98],NA,13.Nov.97,cal,-171300,-179600,6.7,1.4,5.9,2.7243,-1.1303,6.1958,-2.7322,11.1286,-2.7493,0.4496,1,4,0,-1.0000 CaOH+ -1.0000 H+ 1.0000 Ca+2 1.0000 H2O,,Ca+2 H+ O-2
CaSO4,CaSO4,CaSO4,aq,SSH97 [S98],NA,18.Sep.97,cal,-312930,-345900,5,-25,4.7,2.4079,-1.8992,6.4895,-2.7004,-8.4942,-8.1271,-0.001,0,4,0,-1.0000 CaSO4 1.0000 Ca+2 1.0000 SO4-2,,S+6 Ca+2 4O-2
Cl-,Cl-,Cl-,aq,SH88 [S92],NA,07.Nov.97,cal,-31379,-39933,13.56,-29.44,17.79,4.032,4.801,5.563,-2.847,-4.4,-5.714,1.456,-1,3,0,,basis,Cl-
ClO-,ClO-,ClO-,aq,SSWS97 [S98],NA,13.Nov.97,cal,-8800,-25600,10,-27.8,0.7,2.3599,-2.0164,6.5356,-2.6955,3.4787,-8.6974,1.4767,-1,4,0,-1.0000 ClO- 0.5000 O2(g) 1.0000 Cl-,aux,Cl+ O-2
ClO2-,ClO2-,ClO2-,aq,SSWS97 [S98],NA,13.Nov.97,cal,4100,-15900,24.2,-19.3,22.1,5.2163,4.958,3.7949,-2.9839,6.4977,-6.9659,1.2637,-1,4,0,-1.0000 ClO2- 1.0000 Cl- 1.0000 O2(g),aux,Cl+3 2O-2
ClO3-,ClO3-,ClO3-,aq,SH88 [S92],NA,07.Nov.97,cal,-1900,-24850,38.8,-12.3,36.9,7.1665,9.7172,1.9307,-3.1807,8.5561,-5.5401,1.0418,-1,4,0,-1.0000 ClO3- 1.0000 Cl- 1.5000 O2(g),aux,Cl+5 3O-2
ClO4-,ClO4-,ClO4-,aq,SSWS97 [S98],SH88.1,07.Nov.97,cal,-2040,-30910,43.5,-6,44.2,8.1411,15.5654,-7.8077,-3.4224,16.45,-6.57,0.9699,-1,3,0,-1.0000 ClO4- 1.0000 Cl- 2.0000 O2(g),aux,Cl+7 4O-2
CN-,CN-,CN-,aq,SSWS97 [S98],NA,11.Nov.97,cal,41200,36000,22.5,-17.7,23.9,5.4714,5.5813,3.5497,-3.0096,7.6773,-6.64,1.29,-1,4,0,-1.0000 CN- -1.0000 H2O -2.5000 O2(g) 1.0000 HCO3- 1.0000 NO3- 1.0000 H+,aux,C+2 N-3
CO,NA,CO,aq,SM93 [S98],NA,1.Sep.06,cal,-28682,-28910,24.53,64.5,33.8,6.2373,7.4498,2.8184,-3.0869,40.2523,10.0022,-0.3715,0,4,0,-1.0000 CO -1.0000 H2O -0.5000 O2(g) 1.0000 H+ 1.0000 HCO3-,aux,C+2 O-2
CO2,NA,CO2,aq,PS01 [S07],NA,18.aug.05,cal,-92250,-98900,28.1,51.86,33.5,15.2964,-10.0382,-55.4493,7.4092,36.8069,3.5851,-0.3107,0,3,-1,-1.0000 CO2 -1.0000 H2O 1.0000 H+ 1.0000 HCO3-,,C+4 2O-2
CO3-2,CO3-2,CO3-2,aq,SH88 [S92],NA,06.Nov.97,cal,-126191,-161385,-11.95,-69.5,-5.02,2.8524,-3.9844,6.4142,-2.6143,-3.3206,-17.1917,3.3914,-2,5,0,-1.0000 CO3-2 -1.0000 H+ 1.0000 HCO3-,,C+4 3O-2
Cr+2,Cr+2,Cr+2,aq,SSWS97 [S98],NA,13.Nov.97,cal,-39400,-39000,-24.2,-7.3,-22.3,-0.8036,-9.74,9.5688,-2.3762,15.0502,-4.5215,1.4287,2,4,0,-1.0000 Cr+2 -2.0000 H2O -1.0000 O2(g) 1.0000 CrO4-2 4.0000 H+,aux,Cr+2
Cr+3,Cr+3,Cr+3,aq,SSWS97 [S98],NA,07.Nov.97,cal,-49300,-60000,-77,-22.9,-40,-2.7824,-14.5709,11.4661,-2.1765,17.9914,-7.6992,2.7403,3,4,0,-1.0000 Cr+3 -2.5000 H2O -0.7500 O2(g) 1.0000 CrO4-2 5.0000 H+,aux,Cr+3
Cr2O7-2,Cr2O7-2,Cr2O7-2,aq,SSWS97 [S98],NA,07.Nov.97,cal,-312970,-355370,72,-29.1,72.7,12.4303,22.568,-3.1161,-3.7119,8.658,-8.9622,2.1216,-2,4,0,-1.0000 Cr2O7-2 -1.0000 H2O 2.0000 CrO4-2 2.0000 H+,,2Cr+6 7O-2
CrO+,CrO+,CrO+,aq,SSWS97 [S98],NA,13.Nov.97,cal,-92800,-105000,-26.3,-30.8,-23.8,-1.1728,-10.6385,9.9161,-2.3391,-3.1901,-9.3085,0.9437,1,4,0,-1.0000 CrO+ -2.0000 H+ 1.0000 Cr+3 1.0000 H2O,,Cr+3 O-2
CrO2-,CrO2-,CrO2-,aq,SSWS97 [S98],NA,13.Nov.97,cal,-125300,-148300,-6.7,-20.7,-8.4,1.2013,-4.8403,7.635,-2.5788,10.0021,-7.2511,1.7331,-1,4,0,-1.0000 CrO2- -4.0000 H+ 1.0000 Cr+3 2.0000 H2O,,Cr+3 2O-2
CrO4-2,CrO4-2,CrO4-2,aq,SSWS97 [S98],NA,07.Nov.97,cal,-174800,-210930,13.8,-62.6,19.8,5.4891,5.6223,3.5382,-3.0113,-2.8608,-15.7861,3.0024,-2,4,0,,basis,Cr+6 4O-2
CrOH+2,CrOH+2,CrOH+2,aq,SSWS97 [S98],NA,13.Nov.97,cal,-100500,-118600,-46.1,15.4,-36.6,-2.6482,-14.2423,11.3347,-2.1901,31.4127,0.1024,1.7607,2,4,0,-1.0000 CrOH+2 -1.0000 H+ 1.0000 Cr+3 1.0000 H2O,,Cr+3 O-2 H+
Cu+,Cu+,Cu+,aq,SSWS97.2 [S98],SH88.1,13.Nov.97,cal,11950,17132,9.7,13.7,-8,0.807,-5.804,8.0165,-2.539,17.9233,-0.2438,0.4046,1,4,0,-1.0000 Cu+ -1.0000 H+ -0.2500 O2(g) 0.5000 H2O 1.0000 Cu+2,aux,Cu+ 
Cu+2,Cu+2,Cu+2,aq,SH88 [S92],NA,07.Nov.97,cal,15675,15700,-23.2,-5.7,-24.6,-1.1021,-10.4726,9.8662,-2.3461,20.3,-4.39,1.4769,2,6,0,,basis,Cu+2
CuCl,CuCl,CuCl,aq,SSH97,NA,2.Oct.97,cal,-22608,-26338,22.06,19.64,17.22,4.1084,2.253,4.8575,-2.8721,17.3292,0.967,-0.038,1,3,0,-1.000 CuCl 1.000 Cu+ 1.0 Cl-,,Cu+ Cl-
CuCl+,CuCl+,CuCl+,aq,SSH97,NA,2.Oct.97,cal,-16250,-23847,-6.51,29.39,-1.72,1.748,-3.5103,7.1228,-2.6338,29.356,2.953,0.6472,1,4,0,-1.0000 CuCl+ 1.0000 Cu+2 1.0000 Cl-,,Cu+2 Cl-
CuCl2,CuCl2,CuCl2,aq,SSH97,NA,2.Oct.97,cal,-46142,-64160,0.78,54.22,24.32,5.0806,4.627,3.9244,-2.9702,37.5948,8.0108,-0.038,0,4,0,-1.0000 CuCl2 1.0000 Cu+2 2.0000 Cl-,,Cu+2 2Cl-
CuCl2-,CuCl2-,CuCl2-,aq,SSH97,NA,2.Oct.97,cal,-58038,-72903,26.96,32.99,45.43,8.3943,12.7182,0.7442,-3.3047,36.7555,3.6846,1.2219,0,4,0,-1.0000 CuCl2- 1.0000 Cu+ 2.0000 Cl-,,Cu+ 2Cl-
CuCl3-,CuCl3-,CuCl3-,aq,SSH97,NA,2.Oct.97,cal,-75338,-106846,-2.21,72.39,53.34,9.6259,15.7252,-0.4377,-3.429,63.8881,11.7108,1.6605,-1,4,0,-1.0000 CuCl3- 1.0000 Cu+2 3.0000 Cl-,,Cu+2 3Cl-
CuCl3-2,CuCl3-2,CuCl3-2,aq,SSH97,NA,2.Oct.97,cal,-89963,-118524,23.28,53.72,76.86,13.2482,24.57,-3.914,-3.7947,63.9808,7.9089,2.8579,-2,4,0,-1.0000 CuCl3-2 1.0000 Cu+ 3.0000 Cl-,,Cu+ 3Cl-
CuCl4-2,CuCl4-2,CuCl4-2,aq,SSH97,NA,2.Oct.97,cal,-103579,-152534,-18.48,83.89,85.68,14.6696,28.0407,-5.2782,-3.9382,87.5037,14.0532,3.4923,-2,4,0,-1.0000 CuCl4-2 1.0000 Cu+2 4.0000 Cl-,,Cu+2 4Cl-
CuF+,CuF+,CuF+,aq,SSH97,NA,2.Oct.97,cal,-53739,-64285,-18.84,33.66,-20.92,-0.8164,-9.7719,9.5838,-2.375,33.5733,3.8226,0.8334,1,4,0,-1.0000 CuF+ 1.0000 Cu+2 1.0000 F-,,Cu+2 F-
CuO,CuO,CuO,aq,SSWS97 [S98],NA,13.Nov.97,cal,-20800,-34200,-12.4,-1.4,-17.6,-0.3937,-8.736,9.1675,-2.4178,12.149,-3.3197,0.7384,0,4,0,-1.0000 CuO -2.0000 H+ 1.0000 Cu+2 1.0000 H2O,,Cu+2 O-2
CuO2-2,CuO2-2,CuO2-2,aq,SSWS97 [S98],NA,13.Nov.97,cal,-41200,-74400,-23.1,-53.5,-17.3,0.6024,-6.3038,8.2129,-2.5183,7.6532,-13.9325,3.5647,-2,4,0,-1.0000 CuO2-2 -4.0000 H+ 1.0000 Cu+2 2.0000 H2O,,Cu+2 2O-2
CuOH+,CuOH+,CuOH+,aq,SSWS97 [S98],NA,13.Nov.97,cal,-30200,-41700,-6.1,16,-14.7,-0.0277,-7.8416,8.8142,-2.4547,21.5062,0.2246,0.6472,1,4,0,-1.0000 CuOH+ -1.0000 H+ 1.0000 Cu+2 1.0000 H2O,,Cu+2 O-2 H+
F-,F-,F-,aq,SH88 [S92],NA,07.Nov.97,cal,-67340,-80150,-3.15,-27.23,-1.32,0.687,1.3588,7.6033,-2.8352,4.46,-7.488,1.787,-1,4,0,,basis,F-
Fe+2,Fe+2,Fe+2,aq,SSWS97 [S98],NA,13.Nov.97,cal,-21870,-22050,-25.3,-7.9,-22.2,-0.7867,-9.6969,9.5479,-2.378,14.786,-4.6437,1.4382,2,6,0,,basis,Fe+2
Fe+3,Fe+3,Fe+3,aq,SSWS97 [S98],NA,13.Nov.97,cal,-4120,-11850,-66.3,-18.6,-37,-2.4256,-13.6961,11.1141,-2.2127,19.0459,-6.8233,2.5812,3,9,0,-1.0000 Fe+3 -0.5000 H2O 0.2500 O2(g) 1.0000 Fe+2 1.0000 H+,aux,Fe+3
FeCl+,FeCl+,FeCl+,aq,SSH97 [S98],NA,18.Sep.97,cal,-53030,-61260,-10.06,20.6,1.06,2.1468,-2.5367,6.7401,-2.6741,24.6912,1.1617,0.7003,1,4,0,-1.0000 FeCl+ 1.0000 Cl- 1.0000 Fe+2,,Fe+2 Cl-
FeCl2,FeCl2,FeCl2,aq,SSH97 [S98],NA,2.Oct.97,cal,-73480,-78490,43,29.2,27.43,5.5057,5.665,3.5164,-3.0131,22.9295,2.9135,-0.038,0,4,0,-1.0000 FeCl2 1.0000 Fe+2 2.0000 Cl-,,Fe+2 2Cl-
FeF+,FeF+,FeF+,aq,SSH97 [S98],NA,9.Oct.97,cal,-91157,-101452,-20.92,20.84,-18.14,-0.4234,-8.8124,9.2067,-2.4146,26.3785,1.2102,0.8683,1,3,0,-1.0000 FeF+ 1.0000 F- 1.0000 Fe+2,,Fe+2 F-
FeF+2,FeF+2,FeF+2,aq,SSH97 [S98],NA,9.Oct.97,cal,-79645,-87141,-25.7,7.64,-41.54,-3.4294,-16.152,12.0915,-2.1112,23.9805,-1.4787,1.4477,2,3,0,-1.0000 FeF+2 1.0000 Fe+3 1.0000 F-,,Fe+3 F-
FeO,FeO,FeO,aq,SSWS97 [S98],NA,13.Nov.97,cal,-50720,-62950,-10,0,-16.5,-0.5029,-9.0053,9.2791,-2.4066,5.8901,-3.0345,-0.03,0,3,0,-1.0000 FeO -2.0000 H+ 1.0000 Fe+2 1.0000 H2O,,Fe+2 O-2
FeO+,FeO+,FeO+,aq,SSWS97 [S98],NA,13.Nov.97,cal,-53100,-61000,-11.1,-48.1,-41.8,-3.7118,-16.8408,12.3595,-2.0827,-15.3982,-12.8325,0.7191,1,4,0,-1.0000 FeO+ -2.0000 H+ 1.0000 Fe+3 1.0000 H2O,,Fe+3 O-2
FeO2-,FeO2-,FeO2-,aq,SSWS97 [S98],NA,13.Nov.97,cal,-88000,-110700,10.6,-56.3,0.9,2.3837,-1.9602,6.5182,-2.6979,-13.3207,-14.5028,1.4662,-1,4,0,-1.0000 FeO2- -4.0000 H+ 1.0000 Fe+3 2.0000 H2O,,Fe+3 2O-2
FeOH+,FeOH+,FeOH+,aq,SSWS97 [S98],NA,13.Nov.97,cal,-65850,-78080,-10,15,-16.5,-0.2561,-8.4039,9.0457,-2.4315,21.4093,0.0209,0.7003,1,4,0,-1.0000 FeOH+ -1.0000 H+ 1.0000 Fe+2 1.0000 H2O,,Fe+2 O-2 H+
FeOH+2,FeOH+2,FeOH+2,aq,SSWS97 [S98],NA,13.Nov.97,cal,-57800,-70000,-25.4,-8.2,-24.9,-1.1562,-10.6009,9.9077,-2.3407,14.6102,-4.7048,1.4382,2,4,0,-1.0000 FeOH+2 -1.0000 H+ 1.0000 Fe+3 1.0000 H2O,,Fe+3 O-2 H+
H2,NA,H2,aq,SHS89 [S92],NA,13.Jul.87,cal,4236,-1000,13.8,39.9,25.2,5.1427,4.7758,3.8729,-2.9764,27.6251,5.093,-0.209,0,3,-1,-1.0000 H2 -0.5000 O2(g) 1.0000 H2O,aux,2H
H2N2O2,H2N2O2,H2N2O2,aq,SSWS97 [S98],NA,11.Nov.97,cal,8600,-13700,52,39,51.3,8.6337,13.3019,0.5163,-3.3288,24.9004,4.9097,-0.4475,0,3,0,-1.0000 H2N2O2 1.0000 N2O2-2 2.0000 H+,,2N+ 2H+ 2O-2
H2O2,H2O2,H2O2,aq,SSWS97 [S98],NA,11.Nov.97,cal,-32030,-45690,34.4,10,32.8,6.1922,7.337,2.8686,-3.0822,10.36,-0.9975,-0.1809,0,3,0,-1.0000 H2O2 0.5000 O2(g) 1.0000 H2O,aux,2O- 2H+
H2P2O7-2,H2P2O7-2,H2P2O7-2,aq,SSWS97 [S98],NA,11.Nov.97,cal,-480400,-544600,39,17.6,47.1,9.0963,14.4299,0.076,-3.3754,40.6359,0.5505,2.6218,-2,4,0,-1.0000 H2P2O7-2 2.0000 HPO4-2 -1.0000 H2O 2.0000 H+,,2P+5 2H+ 7O-2
H2PO2-,H2PO2-,H2PO2-,aq,SSWS97 [S98],NA,11.Nov.97,cal,-122400,-146700,24.1,-7,22,5.2026,4.919,3.8223,-2.9823,13.7063,-4.4604,1.2637,-1,3,0,-1.0000 H2PO2- 1.0000 H3PO2 -1.0000 H+,,P+ 2H+ 2O-2
H2PO3-,H2PO3-,H2PO3-,aq,SSWS97 [S98],NA,11.Nov.97,cal,-202350,-231700,31.7,5.5,14.7,4.1649,2.3899,4.8065,-2.8777,19.9762,-1.9142,1.1491,-1,3,0,-1.0000 H2PO3- 1.0000 H3PO3 -1.0000 H+,,P+3 2H+ 3O-2
H2PO4-,H2PO4-,H2PO4-,aq,SH88 [S92],NA,06.Nov.97,cal,-270140,-309820,21.6,-7,31.3,6.4875,8.0594,2.5823,-3.1122,14.0435,-4.4605,1.3003,-1,4,0,-1.0000 H2PO4- 1.0000 H+ 1.0000 HPO4-2,,P+5 2H+ 4O-2
H2S,NA,H2S,aq,SHS89 [S92],NA,26.Jun.87,cal,-6673,-9001,30,42.88,34.92,6.5097,6.7724,5.9646,-3.059,32.3,4.73,-0.1,0,3,0,-1.0000 H2S 1.0000 H+ 1.0000 HS-,,S-2 2H+
H2S2O3,H2S2O3,H2S2O3,aq,SSWS97 [S98],NA,13.Nov.97,cal,-128000,-150400,45,27.5,42.2,7.4242,10.3493,1.6762,-3.2067,19.1373,2.5672,-0.3415,0,3,0,-1.0000 H2S2O3 2.0000 H+ 1.0000 S2O3-2,,2S+2 2H+ 3O-2
H2S2O4,H2S2O4,H2S2O4,aq,SSWS97 [S98],NA,13.Nov.97,cal,-147400,-175300,51,37.4,51.4,8.6525,13.3462,0.5023,-3.3306,24.1023,4.5838,-0.4323,0,3,0,-1.0000 H2S2O4 2.0000 H+ 1.0000 S2O4-2,,2S+3 2H+ 4O-2
H3P2O7-,H3P2O7-,H3P2O7-,aq,SSWS97 [S98],NA,11.Nov.97,cal,-483600,-544100,51,37.4,51.7,9.1292,14.5122,0.0398,-3.3788,35.9785,4.5838,0.8568,-1,4,0,-1.0000 H3P2O7- -1.0000 H2O 2.0000 HPO4-2 3.0000 H+,,2P+5 3H+ 7O-2
H3PO2,H3PO2,H3PO2,aq,SSWS97 [S98],NA,11.Nov.97,cal,-125100,-145600,36.9,14.1,35.4,6.5352,8.1731,2.543,-3.1168,12.414,-0.1623,-0.2188,0,3,0,-1.0000 H3PO2 -1.0000 O2(g) 1.0000 HPO4-2 2.0000 H+,aux,P+ 3H+ 2O-2
H3PO3,H3PO3,H3PO3,aq,SSWS97 [S98],NA,11.Nov.97,cal,-204800,-230600,43.6,25.1,19.1,4.2704,2.6439,4.7145,-2.8882,17.9261,2.0783,-0.3203,0,3,0,-1.0000 H3PO3 -0.5000 O2(g) 1.0000 HPO4-2 2.0000 H+,aux,P+3 3H+ 3O-2
H3PO4,NA,H3PO4,aq,SHS89 [S92],NA,11.Jul.87,cal,-273100,-307920,38,23.6,48.1,8.2727,12.4182,0.8691,-3.2924,17.9708,1.7727,-0.22,0,3,0,-1.0000 H3PO4 1.0000 HPO4-2 2.0000 H+,,P+5 3H+ 4O-2
H4P2O7,H4P2O7,H4P2O7,aq,SSWS97 [S98],NA,11.Nov.97,cal,-485700,-542200,64,58.8,56.6,9.2975,14.9199,-0.113,-3.3957,34.8301,8.943,-0.6292,0,3,0,-1.0000 H4P2O7 2.0000 HPO4-2 4.0000 H+ -1.0000 H2O,,2P+5 4H+ 7O-2
HAlO2,HAlO2(AQ),HAlO2,aq,SSWS97.4 [S98],NA,13.Nov.97,cal,-207700,-227500,5,-50,13,3.5338,0.8485,5.4132,-2.814,-23.4129,-13.2195,-0.03,0,4,0,-1.0000 HAlO2 -3.0000 H+ 1.0000 Al+3 2.0000 H2O,,Al+3 H+ 2O-2
HBrO,HBrO,HBrO,aq,SSWS97 [S98],NA,13.Nov.97,cal,-19700,-27000,33.8,9,28.3,5.5795,5.841,3.4565,-3.0204,9.8576,-1.2012,-0.1719,0,3,0,-1.0000 HBrO 0.5000 O2(g) 1.0000 Br- 1.0000 H+,aux,Br+ H+ O-2
HCl,HCl,HCl,aq,MS97.2 [S98],SLOP98.11,30.Jul.96,cal,-30410,-42054,3.2,NA,NA,1.2547,-4.7177,7.6043,-2.584,16.7134,2.8727,-0.7,0,3,0,-1.0000 HCl 1.0000 Cl- 1.0000 H+,,Cl- H+
HClO,HClO,HClO,aq,SSWS97 [S98],NA,13.Nov.97,cal,-19100,-28900,33.9,9.1,28.4,5.5927,5.8751,3.4387,-3.0218,9.9023,-1.1808,-0.1734,0,3,0,-1.0000 HClO 1.0000 ClO- 1.0000 H+,,Cl+ H+ O-2
HCN,NA,HCN,aq,SM93 [S98],NA,4.Jun.93,cal,28600,25600,29.8,40.7,45.9,8.0083,11.7705,1.1286,-3.2655,28.9941,5.256,-0.1113,0,4,0,-1.0000 HCN 1.0000 CN- 1.0000 H+,,C+2 N-3 H+
HCO3-,HCO3-,HCO3-,aq,SH88 [S92],NA,06.Nov.97,cal,-140282,-164898,23.53,-8.46,24.6,7.5621,1.1505,1.2346,-2.8266,12.9395,-4.7579,1.2733,-1,4,0,,basis,C+4 H+ 3O-2
HCrO2,HCrO2,HCrO2,aq,SSWS97 [S98],NA,13.Nov.97,cal,-138100,-157300,6,-37.7,-1.6,1.5359,-4.0259,7.3211,-2.6125,-16.2043,-10.714,-0.03,0,4,0,-1.0000 HCrO2 -3.0000 H+ 1.0000 Cr+3 2.0000 H2O,,Cr+3 H+ 2O-2
HCrO4-,HCrO4-,HCrO4-,aq,SSWS97 [S98],NA,07.Nov.97,cal,-183700,-210000,46.6,1.5,44.9,8.2211,12.2925,0.9174,-3.2871,15.5492,-2.729,0.923,-1,4,0,-1.0000 HCrO4- 1.0000 CrO4-2 1.0000 H+,,Cr+6 H+ 4O-2
HCuO2-,HCuO2-,HCuO2-,aq,SSWS97 [S98],NA,13.Nov.97,cal,-60100,-86300,0.3,-24.7,-4.6,1.3202,-4.5527,7.5282,-2.5907,-3.2749,-8.0659,0.5464,-1,4,0,-1.0000 HCuO2- -3.0000 H+ 1.0000 Cu+2 2.0000 H2O,,Cu+2 H+ 2O-2
HF,NA,HF,aq,SHS89 [S92],NA,7.Feb.89,cal,-71662,-76835,22.5,14,12.5,3.4753,0.7042,5.4732,-2.8081,14.3647,-0.1828,-7.00E-04,0,3,0,-1.0000 HF 1.0000 F- 1.0000 H+,,F- H+
HF2-,HF2-,HF2-,aq,SH88 [S92],NA,12.Jul.87,cal,-138160,-155340,22.1,-33.2,22.1,5.2263,4.9797,3.7928,-2.9849,-1.3751,-9.7974,1.2934,-1,4,0,-1.0000 HF2- 1.0000 H+ 2.0000 F-,,2F- H+
HFeO2,HFeO2,HFeO2,aq,SSWS97 [S98],NA,13.Nov.97,cal,-101100,-120300,22.2,-74.6,7.2,2.7401,-1.0905,6.1776,-2.7338,-37.83,-18.2305,-0.03,0,4,0,-1.0000 HFeO2 -3.0000 H+ 1.0000 Fe+3 2.0000 H2O,,Fe+3 H+ 2O-2
HFeO2-,HFeO2-,HFeO2-,aq,SSWS97 [S98],NA,13.Nov.97,cal,-95400,-125700,-15,22,-12.9,0.6272,-6.244,8.1905,-2.5208,36.1624,1.4468,1.8564,-1,4,0,-1.0000 HFeO2- -3.0000 H+ 1.0000 Fe+2 2.0000 H2O,,Fe+2 H+ 2O-2
HMnO2-,HMnO2-,HMnO2-,aq,SSWS97 [S98],NA,13.Nov.97,cal,-121000,-149900,-9.1,-3.3,-9.7,1.0354,-5.248,7.8003,-2.5619,20.5255,-3.7067,1.7685,-1,4,0,-1.0000 HMnO2- -3.0000 H+ 1.0000 Mn+2 2.0000 H2O,,Mn+2 H+ 2O-2
HN2O2-,HN2O2-,HN2O2-,aq,SSWS97 [S98],NA,11.Nov.97,cal,18200,-9400,34,9.3,32.4,6.5748,8.2753,2.4914,-3.121,21.8724,-1.1401,1.1132,-1,4,0,-1.0000 HN2O2- 1.0000 N2O2-2 1.0000 H+,,2N+ H+ 2O-2
HNiO2-,HNiO2-,HNiO2-,aq,SSWS97 [S98],NA,13.Nov.97,cal,-81980,-118760,-36,48,-24.2,-0.8143,-9.7619,9.5688,-2.3753,54.2564,6.743,2.1664,-1,4,0,-1.0000 HNiO2- -3.0000 H+ 1.0000 Ni+2 2.0000 H2O,,Ni+2 H+ 2O-2
HNO2,HNO2,HNO2,aq,SSWS97 [S98],NA,11.Nov.97,cal,-12100,-28500,32.4,6.7,30.7,5.9151,6.659,3.1378,-3.0542,8.705,-1.6697,-0.1507,0,4,0,-1.0000 HNO2 1.0000 NO2- 1.0000 H+,,N+3 H+ 2O-2
HNO3,HNO3,HNO3,aq,SSWS97 [S98],NA,11.Nov.97,cal,-24730,-45410,42.7,18,40.2,7.1623,9.7063,1.9367,-3.1802,13.8907,0.632,-0.3066,0,3,0,-1.0000 HNO3 1.0000 H+ 1.0000 NO3-,,N+5 H+ 3O-2
HO2-,HO2-,HO2-,aq,SSWS97 [S98],NA,11.Nov.97,cal,-16090,-38320,5.7,-37.4,2.7,2.6566,-1.2961,6.2619,-2.7253,-1.519,-10.6529,1.5449,-1,4,0,-1.0000 HO2- 1.0000 H2O2 -1.0000 H+,,2O- H+
HP2O7-3,HP2O7-3,HP2O7-3,aq,SSWS97 [S98],NA,11.Nov.97,cal,-471400,-543700,11,-28.7,36.5,8.3302,12.5558,0.8208,-3.298,32.1587,-8.8807,4.647,-3,4,0,-1.0000 HP2O7-3 2.0000 HPO4-2 1.0000 H+ -1.0000 H2O,,2P+5 H+ 7O-2
HPO3-2,HPO3-2,HPO3-2,aq,SSWS97 [S98],NA,11.Nov.97,cal,-194000,-231600,4,-40.2,4.5,3.4463,0.6347,5.4974,-2.8051,11.6523,-11.2232,3.1527,-2,4,0,-1.0000 HPO3-2 1.0000 H3PO3 -2.0000 H+,,P+3 H+ 3O-2
HPO4-2,HPO4-2,HPO4-2,aq,SH88 [S92],NA,06.Nov.97,cal,-260310,-308815,-8,-58.3,5.4,3.6315,1.0857,5.3233,-2.8239,2.7357,-14.9103,3.3363,-2,4,0,,basis,P+5 H+ 4O-2
HS-,HS-,HS-,aq,SH88 [S92],NA,07.Nov.97,cal,2860,-3850,16.3,-22.17,20.65,5.0119,4.9799,3.4765,-2.9849,3.42,-6.27,1.441,-1,3,0,-1.0000 HS- -2.0000 O2(g) 1.0000 H+ 1.0000 SO4-2,aux,S-2 H+
HS2O4-,HS2O4-,HS2O4-,aq,SSWS97 [S98],NA,13.Nov.97,cal,-146900,-179100,36.5,13.4,40.1,7.6159,10.8142,1.5005,-3.226,23.9326,-0.3049,1.076,-1,4,0,-1.0000 HS2O4- 1.0000 H+ 1.0000 S2O4-2,,2S+3 H+ 4O-2
HSiO3-,HSiO3-,HSiO3-,aq,SSH97 [S98],NA,18.Sep.97,cal,-242801,-273872,5,-21,5,2.9735,-0.5158,5.9467,-2.7575,8.1489,-7.3123,1.5511,-1,4,0,-1.0000 HSiO3- -1.0000 H+ 1.0000 H2O 1.0000 SiO2,,Si+4 H+ 3O-2
HSO3-,HSO3-,HSO3-,aq,SH88 [S92],NA,07.Nov.97,cal,-126130,-149670,33.4,-1.4,33.3,6.7014,8.5816,2.3771,-3.1338,15.6949,-3.3198,1.1233,-1,4,0,-1.0000 HSO3- 1.0000 SO3-2 1.0000 H+,,S+4 H+ 3O-2
HSO4-,HSO4-,HSO4-,aq,SH88 [S92],NA,07.Nov.97,cal,-180630,-212500,30,5.3,35.2,6.9788,9.259,2.1108,-3.1618,20.0961,-1.955,1.1748,-1,4,0,-1.0000 HSO4- 1.0000 H+ 1.0000 SO4-2,,S+6 H+ 4O-2
HSO5-,HSO5-,HSO5-,aq,SSWS97 [S98],SH88.1,13.Nov.97,cal,-152370,-185380,50.7,36.9,50.3,8.9391,14.043,0.2349,-3.3594,35.7254,4.4819,0.8611,-1,4,0,-1.0000 HSO5- 0.5000 O2(g) 1.0000 H+ 1.0000 SO4-2,aux,S+8 H+ 5O-2
HZnO2-,HZnO2-,HZnO2-1,aq,SSWS97.5 [S98],NA,14.Nov.97,cal,-110720,-142370,-16,20,-13.4,0.5623,-6.4047,8.2588,-2.5141,35.0874,1.0394,1.8669,-1,4,0,-1.0000 HZnO2- -3.0000 H+ 1.0000 Zn+2 2.0000 H2O,,Zn+2 H+ 2O-2
I-,I-,I-,aq,SH88 [S92],NA,07.Nov.97,cal,-12410,-13600,25.5,-28.25,36.31,7.7623,8.2762,1.4609,-3.1211,-6.27,-4.944,1.2934,-1,3,0,,basis,I- 
I3-,I3-,I3-,aq,SH88 [S92],NA,12.Jul.87,cal,-12300,-12300,57.2,13.1,57.2,9.85,16.2697,-0.6447,-3.4516,20.8712,-0.3661,0.7628,-1,4,0,-1.0000 I3- -1.0000 H2O 0.5000 O2(g) 2.0000 H+ 3.0000 I-,aux,2I I-
IO-,IO-,IO-,aq,SSWS97 [S98],SH88.1,13.Nov.97,cal,-9200,-25700,-1.4,-34.6,-12.5,0.6131,-6.2757,8.1983,-2.5195,1.1172,-10.0825,1.653,-1,4,0,-1.0000 IO- 0.5000 O2(g) 1.0000 I-,aux,I+ O-2
IO3-,IO3-,IO3-,aq,SH88 [S92],NA,07.Nov.97,cal,-30600,-52900,28.3,-16.2,25.9,5.7148,6.1725,3.324,-3.0342,7.7293,-6.3345,1.2002,-1,4,0,-1.0000 IO3- 1.0000 I- 1.5000 O2(g),aux,I+5 3O-2
IO4-,IO4-,IO4-,aq,SSWS97 [S98],SH88.1,13.Nov.97,cal,-14000,-36200,53,-2,52.9,9.2831,14.8827,-0.0933,-3.3942,12.6081,-3.4419,0.8264,-1,4,0,-1.0000 IO4- 1.0000 I- 2.0000 O2(g),aux,I+7 4O-2
K+,K+,K+,aq,SH88 [S92],NA,06.Nov.97,cal,-67510,-60270,24.15,1.98,9.06,3.559,-1.473,5.435,-2.712,7.4,-1.791,0.1927,1,3,0,,basis,K+
KBr,KBr,KBr,aq,SSH97 [S98],NA,18.Sep.97,cal,-90010,-86320,47.5,-7.97,46,8.058,11.897,1.067,-3.2708,1.4496,-4.658,-0.005,0,4,0,-1.0000 KBr 1.0000 Br- 1.0000 K+,,Br- K+
KCl,KCl,KCl,aq,SSH97 [S98],NA,18.Sep.97,cal,-95430,-95390,42.25,-8.3,38.3,6.9932,9.297,2.0889,-3.1633,0.9522,-4.7253,-0.038,0,4,0,-1.0000 KCl 1.0000 Cl- 1.0000 K+,,K+ Cl-
KHSO4,KHSO4,KHSO4,aq,SSH97 [S98],NA,2.Oct.97,cal,-243400,-267400,55,57.72,53.77,9.1226,14.4964,0.0453,-3.3782,39.9849,8.723,-0.001,0,4,0,-1.0000 KHSO4 1.0000 H+ 1.0000 K+ 1.0000 SO4-2,,S+6 K+ H+ 4O-2
KI,KI,KI,aq,SSH97 [S98],NA,18.Sep.97,cal,-77740,-71829,49.2,-5.8,59,9.8369,16.2406,-0.6402,-3.4503,2.7214,-4.216,-0.005,0,4,0,-1.0000 KI 1.0000 I- 1.0000 K+,,I- K+
KOH,KOH,KOH,aq,SSWS97 [S98],NA,13.Nov.97,cal,-104500,-120200,25.9,-20.5,14.9,3.7938,1.4839,5.1619,-2.8402,-6.124,-7.2104,-0.03,0,4,0,-1.0000 KOH -1.0000 H+ 1.0000 H2O 1.0000 K+,,K+ H+ O-2
KSO4-,KSO4-,KSO4-,aq,SSH97 [S98],NA,18.Sep.97,cal,-246640,-276980,35,-10.9,27.8,5.9408,6.7274,3.0989,-3.0571,9.9089,-5.2549,1.0996,-1,4,0,-1.0000 KSO4- 1.0000 K+ 1.0000 SO4-2,,S+6 K+ 4O-2
Li+,Li+,Li+,aq,SH88 [S92],NA,06.Nov.97,cal,-69933,-66552,2.7,14.2,-0.87,-0.0237,-0.069,11.58,-2.7761,19.2,-0.24,0.4862,1,4,0,,basis,Li+
LiCl,LiCl,LiCl,aq,SSH97 [S98],NA,18.Sep.97,cal,-99250,-105680,13.14,20.3,28,5.5837,5.8554,3.4416,-3.021,17.7136,1.1006,-0.038,0,4,0,-1.0000 LiCl 1.0000 Cl- 1.0000 Li+,,Li+ Cl-
LiOH,LiOH,LiOH,aq,SSWS97 [S98],NA,13.Nov.97,cal,-108000,-121500,1.9,6.8,3.8,2.2749,-2.2242,6.6181,-2.687,9.8752,-1.6493,-0.03,0,4,0,-1.0000 LiOH -1.0000 H+ 1.0000 Li+ 1.0000 H2O,,Li+ H+ O-2
METHANE,NA,CH4,aq,PS01 [S07],NA,04.Oct.00,cal,-8140,-20930,21,60.23,36,17.69,-15.3,-67.88,11.47,40.87,6.45,-0.4,0,4,0,-1.0000 METHANE -2.0000 O2(g) 1.0000 H+ 1.0000 H2O 1.0000 HCO3-,aux,C-4 4H+
Mg(CO3),MgCO3,MgCO3,aq,SSH97 [S98],NA,1.Oct.97,cal,-238760,-270570,-24,-27.4,-18.18,-0.7355,-9.5745,9.5062,-2.3831,-10.2416,-8.6159,-0.038,0,4,0,-1.0000 Mg(CO3) 1.0000 HCO3- 1.0000 Mg+2 -1.0000 H+,,C+4 Mg+2 3O-2
Mg(HCO3)+,NA,Mg(HCO3)+,aq,SK95 [S98],SLOP98.8,Jan.91,cal,-250200,-275750,-3,NA,NA,3.271,0.206,5.669,-2.788,47.284,9.34,0.599,1,4,0,-1.0000 Mg(HCO3)+ 1.0000 HCO3- 1.0000 Mg+2,,C+4 H+ Mg+2 3O-2
Mg(HSiO3)+,Mg(HSiO3)+,Mg(HSiO3)+,aq,SSH97 [S98],NA,9.Oct.97,cal,-353025,-385700,-23.78,37.82,-10.57,0.6289,-6.2428,8.1967,-2.5209,36.7882,4.6702,0.9177,1,4,0,-1.0000 Mg(HSiO3)+ -1.0000 H+ 1.0000 Mg+2 1.0000 H2O 1.0000 SiO2,,Si+4 H+ Mg+2 3O-2
Mg+2,Mg+2,Mg+2,aq,SH88 [S92],NA,06.Nov.97,cal,-108505,-111367,-33,-5.34,-21.55,-0.8217,-8.599,8.39,-2.39,20.8,-5.892,1.5372,2,8,0,,basis,Mg+2
MgCl+,MgCl+,MgCl+,aq,SSH97 [S98],NA,18.Sep.97,cal,-139700,-150933,-19,25,1.26,2.223,-2.3505,6.6669,-2.6818,28.6016,2.058,0.8449,1,4,0,-1.0000 MgCl+ 1.0000 Cl- 1.0000 Mg+2,,Mg+2 Cl-
MgF+,MgF+,MgF+,aq,SSH97 [S98],NA,18.Sep.97,cal,-177690,-190950,-28.07,39.1,-17.47,-0.2975,-8.5049,9.0858,-2.4274,38.0239,4.9301,0.9706,1,4,0,-1.0000 MgF+ 1.0000 F- 1.0000 Mg+2,,Mg+2 F-
MgOH+,MgOH+,MgOH+,aq,SSWS97 [S98],NA,13.Nov.97,cal,-149255,-152955,-19.1,30.8,1.9,2.3105,-2.1365,6.5827,-2.6906,32.0008,3.2394,0.8449,1,4,0,-1.0000 MgOH+ 1.0000 H2O 1.0000 Mg+2 -1.0000 H+,,Mg+2 H+ O-2
MgSO4,MgSO4,MgSO4,aq,MS97 [S98],SLOP98.11,28.Nov.94,cal,-289477,-327367,-13.5,NA,NA,1.9369,-3.0547,6.9554,-2.6526,-6.839,-7.4589,-0.03,0,3,0,-1.0000 MgSO4 1.0000 Mg+2 1.0000 SO4-2,,S+6 Mg+2 4O-2
Mn+2,Mn+2,Mn+2,aq,SSWS97 [S98],NA,07.Nov.97,cal,-55100,-52900,-16.2,-4.1,-17.1,-0.1015,-8.004,8.84,-2.448,16.6672,-3.8697,1.4006,2,6,0,,basis,Mn+2
Mn+3,Mn+3,Mn+3,aq,SSWS97 [S98],NA,13.Nov.97,cal,-20300,-30700,-74,-25.6,-41,-2.932,-14.934,11.6041,-2.1615,16.0611,-8.2492,2.7025,3,6,0,-1.0000 Mn+3 -0.5000 H2O 1.0000 Mn+2 1.0000 H+ 0.2500 O2(g),aux,Mn+3
MnCl+,MnCl+,MnCl+,aq,SSH97 [S98],NA,2.Oct.97,cal,-86290,-88280,12,25.12,6.74,2.8119,-0.9126,6.1017,-2.7412,24.2838,2.0824,0.3686,1,4,0,-1.0000 MnCl+ 1.0000 Cl- 1.0000 Mn+2,,Mn+2 Cl-
MnF+,MnF+,MnF+,aq,SSH97 [S98],NA,9.Oct.97,cal,-123641,-132454,-13.3,29.39,-12.46,0.3136,-7.0128,8.4994,-2.489,30.284,2.9518,0.7483,1,4,0,-1.0000 MnF+ 1.0000 Mn+2 1.0000 F-,,Mn+2 F-
MnO,MnO,MnO,aq,SSWS97 [S98],NA,13.Nov.97,cal,-81500,-99100,-2.5,-12.7,-13.1,-0.0376,-7.8656,8.8229,-2.4537,-1.5528,-5.6215,-0.03,0,4,0,-1.0000 MnO -2.0000 H+ 1.0000 Mn+2 1.0000 H2O,,Mn+2 O-2
MnO2-2,MnO2-2,MnO2-2,aq,SSWS97 [S98],NA,13.Nov.97,cal,-102600,-133300,-15.2,-71.5,-13,1.1489,-4.9713,7.6937,-2.5734,-4.0375,-17.5991,3.4408,0,4,0,-1.0000 MnO2-2 -4.0000 H+ 1.0000 Mn+2 2.0000 H2O,,Mn+2 2O-2
MnO4-,MnO4-,MnO4-,aq,SSWS97 [S98],NA,07.Nov.97,cal,-107600,-129900,46.5,-1.8,42,7.8248,11.3277,1.2912,-3.2472,13.6317,-3.4012,0.9248,-1,4,0,-1.0000 MnO4- -3.0000 H+ 1.0000 Mn+2 1.2500 O2(g) 1.5000 H2O,aux,Mn+7 4O-2
MnO4-2,MnO4-2,MnO4-2,aq,SSWS97 [S98],NA,13.Nov.97,cal,-120400,-156600,15.5,-66.4,21.1,5.6596,6.0368,3.3786,-3.0285,-5.291,-16.5602,2.9803,-2,4,0,-1.0000 MnO4-2 -4.0000 H+ 1.0000 Mn+2 1.0000 O2(g) 2.0000 H2O,aux,Mn+6 4O-2
MnOH+,MnOH+,MnOH+,aq,SSWS97 [S98],NA,13.Nov.97,cal,-97300,-106800,0.3,8.7,-11.9,0.3213,-6.9901,8.4821,-2.4899,16.2994,-1.2623,0.5464,1,4,0,-1.0000 MnOH+ -1.0000 H+ 1.0000 Mn+2 1.0000 H2O,,Mn+2 O-2 H+
MnSO4,MnSO4,MnSO4,aq,SSH97 [S98],NA,2.Oct.97,cal,-235640,-266750,5,-20.6,2.8,2.1354,-2.5645,6.751,-2.6729,-6.2564,-7.2308,-0.038,0,4,0,-1.0000 MnSO4 1.0000 Mn+2 1.0000 SO4-2,,Mn+2 S+6 4O-2
N2,NA,N2,aq,SHS89 [S92],NA,7.Feb.89,cal,4347,-2495,22.9,56,33.3,6.2046,7.3685,2.8539,-3.0836,35.7911,8.3726,-0.3468,0,3,0,-1.0000 N2 -2.5000 O2(g) -1.0000 H2O 2.0000 H+ 2.0000 NO3-,aux,2N
N2H5+,N2H5+,N2H5+,aq,SSWS97 [S98],NA,11.Nov.97,cal,19700,-1800,36.1,16.8,27.8,5.5711,5.8193,3.4672,-3.0195,16.0644,0.3876,0.0057,1,3,0,-1.0000 N2H5+ -3.5000 O2(g) 2.0000 NO3- 3.0000 H+ 1.0000 H2O,aux,2N-2 5H+
N2H6+2,N2H6+2,N2H6+2,aq,SSWS97 [S98],NA,11.Nov.97,cal,21100,-4000,24,15.7,18.1,4.4762,3.1468,4.516,-2.909,21.7574,0.1635,0.6936,2,3,0,-1.0000 N2H6+2 1.0000 N2H5+ 1.0000 H+,,2N-2 6H+
N2O2-2,N2O2-2,N2O2-2,aq,SSWS97 [S98],NA,11.Nov.97,cal,33200,-2590,6.6,-59.3,3.6,3.3102,0.2986,5.638,-2.7912,0.1067,-15.1139,3.1145,-2,3,0,-1.0000 N2O2-2 2.0000 NO3- -2.0000 O2(g),aux,2N+ 2O-2
Na+,Na+,Na+,aq,SH88 [S92],NA,06.Nov.97,cal,-62591,-57433,13.96,9.06,-1.11,1.839,-2.285,3.256,-2.726,18.18,-2.981,0.3306,1,4,0,,basis,Na+
NaBr,NaBr,NaBr,aq,SSH97 [S98],NA,18.Sep.97,cal,-85610,-84830,34.1,7.97,32.04,6.1257,7.1789,2.9214,-3.0757,10.1926,-1.4111,-0.07,0,4,0,-1.0000 NaBr 1.0000 Br- 1.0000 Na+,,Br- Na+
NaCl,NaCl,NaCl,aq,SSH97 [S98],NA,16.Sep.97,cal,-92910,-96160,28,8.5,24,5.0364,4.5189,3.9669,-2.9658,10.798,-1.3031,-0.038,0,3,0,-1.0000 NaCl 1.0000 Cl- 1.0000 Na+,,Na+ Cl-
NaF,NaF,NaF,aq,SSH97 [S98],NA,18.Sep.97,cal,-128570,-135860,12,11.2,5.71,2.5336,-1.5922,6.3689,-2.7131,12.3804,-0.7531,-0.038,0,4,0,-1.0000 NaF 1.0000 F- 1.0000 Na+,,Na+ Cl-
NaHSiO3,NaHSiO3,NaHSiO3,aq,SSH97 [S98],NA,2.Oct.97,cal,-307890,-333894,10,24.61,12.72,3.4928,0.75,5.4483,-2.81,20.2395,1.9785,-0.038,0,4,0,-1.0000 NaHSiO3 -1.0000 H+ 1.0000 H2O 1.0000 Na+ 1.0000 SiO2,,Si+4 Na+ H+ 3O-2
NaI,NaI,NaI,aq,SSH97 [S98],NA,Jan.91,cal,-72900,-69101,37.7,10.14,43,7.6488,10.8979,1.4597,-3.2295,12.1001,-0.969,-0.001,0,4,0,-1.0000 NaI 1.0000 I- 1.0000 Na+,,I- Na+
NaOH,NaOH,NaOH,aq,SSWS97 [S98],NA,13.Nov.97,cal,-99900,-112300,10.7,-3.2,3.5,2.2338,-2.3287,6.6683,-2.6826,4.0146,-3.6863,-0.03,0,3,0,-1.0000 NaOH -1.0000 H+ 1.0000 H2O 1.0000 Na+,,Na+ H+ O-2
NaSO4-,NaSO4-,NaSO4-,aq,MS97 [S98],SLOP98.11,28.Nov.94,cal,-241476,-273733,25.46,NA,NA,6.4638,8.0045,2.597,-3.1098,14.4928,-4.1182,1.2422,-1,4,0,-1.0000 NaSO4- 1.0000 Na+ 1.0000 SO4-2,,S+6 Na+ 4O-2
NH3,NA,NH3,aq,SHS89 [S92],NA,13.Jul.87,cal,-6383,-19440,25.77,15.63,24.43,5.0911,2.797,8.6248,-2.8946,20.3,-1.17,-0.05,0,3,0,-1.0000 NH3 1.0000 NH4+ -1.0000 H+,,N-3 3H+
NH4+,NH4+,NH4+,aq,SH88 [S92],NA,06.Nov.97,cal,-18990,-31850,26.57,15.74,18.13,3.8763,2.3448,8.5605,-2.8759,17.45,-0.021,0.1502,1,3,0,-1.0000 NH4+ -2.0000 O2(g) 1.0000 H2O 1.0000 NO3- 2.0000 H+,aux,N-3 4H+
Ni+2,Ni+2,Ni+2,aq,SH88 [S92],NA,07.Nov.97,cal,-10900,-12900,-30.8,-11.7,-29,-1.6942,-11.9181,10.4344,-2.2863,13.1905,-5.4179,1.5067,2,4.5,0,,basis,Ni+2
NiCl+,NiCl+,NiCl+,aq,SSH97 [S98],NA,16.Sep.97,cal,-40920,-51400,-17,8.1,-6.63,1.1319,-5.0147,7.714,-2.5716,18.3863,-1.3846,0.8111,1,4,0,-1.0000 NiCl+ 1.0000 Cl- 1.0000 Ni+2,,Ni+2 Cl-
NiF+,NiF+,NiF+,aq,SSH97 [S98],NA,9.Oct.97,cal,-79768,-92315,-26.36,12.51,-25.83,-1.4455,-11.308,10.1875,-2.3115,22.317,-0.4857,0.957,1,4,0,-1.0000 NiF+ 1.0000 Ni+2 1.0000 F-,,Ni+2 F-
NiO,NiO,NiO,aq,SSWS97 [S98],NA,13.Nov.97,cal,-39340,-56230,25,10,-23.3,-1.4334,-11.2786,10.1751,-2.3126,11.7507,-0.9975,-0.03,0,3,0,-1.0000 NiO -2.0000 H+ 1.0000 Ni+2 1.0000 H2O,,Ni+2 O-2
NiO2-2,NiO2-2,NiO2-2,aq,SSWS97 [S98],NA,13.Nov.97,cal,-64200,-101800,-38.9,-17.5,-25.8,-0.4814,-8.9493,9.2495,-2.4089,30.9114,-6.5993,3.7992,-2,4,0,-1.0000 NiO2-2 -4.0000 H+ 1.0000 Ni+2 2.0000 H2O,,Ni+2 2O-2
NiOH+,NiOH+,NiOH+,aq,SSWS97 [S98],NA,13.Nov.97,cal,-52850,-67650,-18,31,-20.1,-0.7075,-9.5051,9.476,-2.386,31.9091,3.2801,0.8222,1,4,0,-1.0000 NiOH+ -1.0000 H+ 1.0000 Ni+2 1.0000 H2O,,Ni+2 O-2 H+
NO2-,NO2-,NO2-,aq,SH88 [S92],NA,06.Nov.97,cal,-7700,-25000,29.4,-23.3,25,5.5864,5.859,3.4472,-3.0212,3.426,-7.7808,1.1847,-1,4,0,-1.0000 NO2- -0.5000 O2(g) 1.0000 NO3-,aux,N+3 2O-2
NO3-,NO3-,NO3-,aq,SH88 [S92],NA,06.Nov.97,cal,-26507,-49429,35.12,-16.4,29,7.3161,6.7824,-4.6838,-3.0594,7.7,-6.725,1.0977,-1,3,0,,basis,N+5 3O-2
O2,NA,O2,aq,SHS89 [S92],NA,26.Jun.87,cal,3954,-2900,26.04,56,30.38,5.7889,6.3536,3.2528,-3.0417,35.353,8.3726,-0.3943,0,3,-1,-1.0000 O2 1.0000 O2(g),aux,2O
OCN-,OCN-,OCN-,aq,SSWS97 [S98],NA,11.Nov.97,cal,-23280,-34900,25.5,-15.8,26.12,5.7591,6.2815,3.279,-3.0386,8.3509,-6.253,1.2422,-1,3,0,-1.0000 OCN- 0.5000 O2(g) 1.0000 CN-,aux,C+4 N-3 O-2
OH-,OH-,OH-,aq,SH88 [S92],NA,06.Nov.97,cal,-37595,-54977,-2.56,-32.79,-4.18,1.2527,0.0738,1.8423,-2.7821,4.15,-10.346,1.7246,-1,3,0,-1.0000 OH- -1.0000 H+ 1.0000 H2O,,O-2 H+
P2O7-4,P2O7-4,P2O7-4,aq,SSWS97 [S98],NA,11.Nov.97,cal,-458700,-542800,-28,-139.1,21.7,7.0687,9.4773,2.0273,-3.1707,-11.7223,-31.3692,6.9069,-4,3,0,-1.0000 P2O7-4 -1.0000 H2O 2.0000 HPO4-2,,2P+5 7O-2
PO4-3,PO4-3,PO4-3,aq,SSWS97 [S98],SH88.1,07.Nov.97,cal,-243500,-305300,-53,-124.6,-30.6,-0.5258,-9.0576,9.2927,-2.4045,-15.1599,-28.4155,5.6114,-3,4,0,-1.0000 PO4-3 -1.0000 H+ 1.0000 HPO4-2,,P+5 4O-2
S2-2,S2-2,S2-2,aq,SH88 [S92],NA,3.Jul.87,cal,19000,7200,6.8,-65.1,20.2,5.5797,5.8426,3.4536,-3.0205,-3.3496,-16.2955,3.1083,-2,4,0,-1.0000 S2-2 -1.0000 H2O -3.5000 O2(g) 2.0000 SO4-2 2.0000 H+,aux,2S-
S2O3-2,S2O3-2,S2O3-2,aq,SH88 [S92],NA,07.Nov.97,cal,-124900,-155000,16,-57.3,28.5,6.6685,12.4951,-7.7281,-3.2955,-0.0577,-14.7066,2.9694,-2,4,0,-1.0000 S2O3-2 -2.0000 O2(g) -1.0000 H2O 2.0000 H+ 2.0000 SO4-2,aux,2S+2 3O-2
S2O4-2,S2O4-2,S2O4-2,aq,SSWS97 [S98],SH88.1,13.Nov.97,cal,-143500,-180100,22,-50.1,28.8,6.6784,8.528,2.3917,-3.1314,3.3115,-13.2399,2.8772,-2,4,0,-1.0000 S2O4-2 0.5000 O2(g) 1.0000 S2O3-2,aux,2S+3 4O-2
S2O5-2,S2O5-2,S2O5-2,aq,SSWS97 [S98],SH88.1,13.Nov.97,cal,-189000,-232000,25,-48.3,33.9,7.3618,10.1945,1.7414,-3.2003,3.9715,-12.8732,2.8343,-2,4,0,-1.0000 S2O5-2 1.0000 O2(g) 1.0000 S2O3-2,aux,2S+4 5O-2
S2O6-2,S2O6-2,S2O6-2,aq,SSWS97 [S98],SH88.1,13.Nov.97,cal,-231000,-280400,30,-45.3,40.4,8.2257,12.3054,0.9087,-3.2876,5.0331,-12.2621,2.7587,-2,4,0,-1.0000 S2O6-2 1.5000 O2(g) 1.0000 S2O3-2,aux,2S+5 6O-2
S2O8-2,S2O8-2,S2O8-2,aq,SH88 [S92],NA,07.Nov.97,cal,-266500,-321400,58.4,-25,79,13.3622,24.8454,-4.0153,-3.8061,12.9632,-8.1271,2.3281,-2,4,0,-1.0000 S2O8-2 2.5000 O2(g) 1.0000 S2O3-2,aux,2S+7 8O-2
S3-2,S3-2,S3-2,aq,SH88 [S92],NA,3.Jul.87,cal,17600,6200,15.8,-57.9,29.2,6.7661,8.7396,2.315,-3.1403,-0.3595,-14.8288,2.9749,-2,4,0,-1.0000 S3-2 1.0000 S2-2 1.0000 HS- 0.5000 O2(g) 1.0000 H+ -1.0000 H2O,aux,2S- S
S3O6-2,S3O6-2,S3O6-2,aq,SSWS97 [S98],SH88.1,13.Nov.97,cal,-229000,-279000,33,-43.5,41.9,8.4155,12.7691,0.7268,-3.3068,5.6683,-11.8954,2.7131,-2,4,0,-1.0000 S3O6-2 1.0000 O2(g) 1.0000 H+ 1.5000 S2O3-2 -0.5000 H2O,aux,2S+5 S 6O-2
S4-2,S4-2,S4-2,aq,SH88 [S92],NA,3.Jul.87,cal,16500,5500,24.7,-50.7,38.1,7.9381,11.6012,1.1902,-3.2586,2.6081,-13.3622,2.839,-2,4,0,-1.0000 S4-2 2.0000 S2-2 2.0000 H+ 0.5000 O2(g) -1.0000 H2O,aux,2S- 2S
S4O6-2,S4O6-2,S4O6-2,aq,SSWS97 [S98],SH88.1,13.Nov.97,cal,-248700,-292600,61.5,-26.4,56.5,10.2672,17.2902,-1.0502,-3.4937,11.7042,-8.4122,2.2805,-2,4,0,-1.0000 S4O6-2 0.5000 O2(g) 2.0000 H+ 2.0000 S2O3-2 -1.0000 H2O,aux,2S+5 2S 6O-2
S5-2,S5-2,S5-2,aq,SH88 [S92],NA,3.Jul.87,cal,15700,5100,33.6,-43.6,47,9.1107,14.4645,0.0649,-3.377,5.5361,-11.9159,2.7051,-2,4,0,-1.0000 S5-2 2.0000 S2-2 1.0000 HS- 3.0000 H+ 1.0000 O2(g) -2.0000 H2O,aux,2S- 3S
S5O6-2,S5O6-2,S5O6-2,aq,SSWS97 [S98],SH88.1,13.Nov.97,cal,-229000,-281000,40,-39.3,45.5,8.8725,13.8806,0.2986,-3.3527,7.1576,-11.0399,2.6076,-2,4,0,-1.0000 S5O6-2 3.0000 H+ 2.5000 S2O3-2 -1.5000 H2O,aux,5S+2 6O-2
SCN-,SCN-,SCN-,aq,SSWS97 [S98],NA,11.Nov.97,cal,22160,18270,34.5,-9.6,35.7,7.0244,9.3687,2.0708,-3.1662,10.7414,-4.99,1.1073,-1,4,0,-1.0000 SCN- -1.5000 O2(g) -1.0000 H2O 1.0000 SO4-2 1.0000 CN- 2.0000 H+,aux,C+4 N-3 S-2
SiF6-2,SiF6-2,SiF6-2,aq,SH88 [S92],NA,16.Feb.88,cal,-525700,-571000,29.2,-47.1,42.6,8.5311,13.0492,0.6211,-3.3185,4.097,-12.6289,2.7716,-2,4,0,-1.0000 SiF6-2 -2.0000 H2O 1.0000 SiO2 4.0000 H+ 6.0000 F-,aux,Si+4 6F-
SiO2,NA,SiO2,aq,SHS89.1 [S92],NA,13.Jan.89,cal,-199190,-209775,18,-76.1,16.1,1.9,1.7,20,-2.7,29.1,-51.2,0.1291,0,3,0,,basis,Si+4 2O-2
SO2,NA,SO2,aq,SHS89 [S92],NA,13.Jul.87,cal,-71980,-77194,38.7,35.48,38.5,6.9502,9.189,2.1383,-3.1589,31.2101,6.4578,-0.2461,0,3,0,-1.0000 SO2 1.0000 SO3-2 2.0000 H+ -1.0000 H2O,,S+4 2O-2
SO3-2,SO3-2,SO3-2,aq,SSWS97 [S98],SH88.1,11.Nov.97,cal,-116300,-151900,-7,-67.5,-3.1,2.4632,-1.7691,6.4494,-2.7058,-2.7967,-16.7843,3.321,-2,4,0,-1.0000 SO3-2 -0.5000 O2(g) 1.0000 SO4-2,aux,S+4 3O-2
SO4-2,SO4-2,SO4-2,aq,SH88 [S92],NA,07.Nov.97,cal,-177930,-217400,4.5,-64.38,13.88,8.3014,-1.9846,-6.2122,-2.697,1.64,-17.998,3.1463,-2,4,0,,basis,S+6 4O-2
Sr(CO3),SrCO3,SrCO3,aq,SSH97 [S98],NA,2.Oct.97,cal,-264860,-288620,8.5,-32.1,-15.24,-0.3332,-8.5922,9.1201,-2.4237,-12.9961,-9.5733,-0.038,0,4,0,-1.0000 Sr(CO3) 1.0000 HCO3- 1.0000 Sr+2 -1.0000 H+,,Sr+2 C+4 3O-2
Sr(HCO3)+,NA,Sr(HCO3)+,aq,SK95 [S98],SLOP98.8,Nov.92,cal,-276720,-291688,38,NA,NA,3.694,1.237,5.264,-2.83,35.345,7.181,-0.023,1,4,0,-1.0000 Sr(HCO3)+ 1.0000 Sr+2 1.0000 HCO3-,,Sr+2 H+ C+4 3O-2
Sr+2,Sr+2,Sr+2,aq,SH88 [S92],NA,06.Nov.97,cal,-134760,-131670,-7.53,-10.05,-17.41,0.7071,-10.1508,7.0027,-2.3594,10.7452,-5.0818,1.1363,2,5,0,,basis,Sr+2
SrCl+,SrCl+,SrCl+,aq,SSH97 [S98],NA,2.Oct.97,cal,-165800,-169790,11,11.84,6.41,2.7719,-1.0104,6.1402,-2.7372,16.6402,-0.6227,0.3837,1,4,0,-1.0000 SrCl+ 1.0000 Cl- 1.0000 Sr+2,,Sr+2 Cl-
SrF+,SrF+,SrF+,aq,SSH97 [S98],NA,2.Oct.97,cal,-202290,-210670,-6.2,16.11,-12.79,0.2336,-7.2081,8.5761,-2.481,21.5706,0.2471,0.6472,1,4,0,-1.0000 SrF+ 1.0000 F- 1.0000 Sr+2,,Sr+2 F-
SrOH+,SrOH+,SrOH+,aq,SSWS97 [S98],NA,13.Nov.97,cal,-173300,-180000,14.6,-7.6,7.2,2.862,-0.7922,6.0586,-2.7462,4.7576,-4.5826,0.3306,1,4,0,-1.0000 SrOH+ -1.0000 H+ 1.0000 Sr+2 1.0000 H2O,,Sr+2 O-2 H+
Ti+4,Ti+4,Ti+4,aq,23,NA,14.jul.94,cal,-71950,-91300,-120.2,NA,NA,-4.4522,-18.645,13.0605,-2.0081,39.332,-4.2974,3.9943,4,3,0,,basis,Ti+4
Zn+2,Zn+2,Zn+2,aq,SSWS97.5 [S98],SH88.1,07.Nov.97,cal,-35200,-36660,-26.2,-5.33,-24.3,-1.0676,-8.929,6.1282,-2.4098,18.74,-5.37,1.4574,2,6,0,,basis,Zn+2
ZnCl+,ZnCl+,ZnCl+,aq,SSH97.3 [S98],NA,16.Sep.97,cal,-66850,-66240,23,19.9,-1.28,1.6583,-3.7293,7.2088,-2.6248,19.6947,1.0191,0.2025,1,4,0,-1.0000 ZnCl+ 1.0000 Cl- 1.0000 Zn+2,,Zn+2 Cl-
ZnCl2,ZnCl2,ZnCl2,aq,SSH97.3 [S98],NA,16.Sep.97,cal,-98300,-109080,27.03,34.7,24.82,5.1486,4.7929,3.8592,-2.9771,26.1528,4.0338,-0.038,0,4,0,-1.0000 ZnCl2 1.0000 Zn+2 2.0000 Cl-,,Zn+2 2Cl-
ZnCl3-,ZnCl3-,ZnCl3-,aq,SSH97.3 [S98],NA,2.Oct.97,cal,-129310,-151060,25,41.97,53.9,9.5636,15.5732,-0.3779,-3.4227,42.2912,5.5147,1.2513,-1,4,0,-1.0000 ZnCl3- 1.0000 Zn+2 3.0000 Cl-,,Zn+2 3Cl-
ZnF+,ZnF+,ZnF+,aq,SSH97 [S98],NA,9.Oct.97,cal,-104109,-116131,-21.81,24.44,-20.48,-0.7395,-9.5843,9.5101,-2.3827,28.5991,1.9435,0.8803,1,4,0,-1.0000 ZnF+ 1.0000 Zn+2 1.0000 F-,,Zn+2 F-
ZnO,ZnO,ZnO,aq,SSWS97.5 [S98],NA,14.Nov.97,cal,-67420,-78290,-2,-10,-21.9,-1.2418,-10.8072,9.9819,-2.3321,0.0295,-5.0715,-0.03,0,3,0,-1.0000 ZnO -2.0000 H+ 1.0000 Zn+2 1.0000 H2O,,Zn+2 O-2
ZnO2-2,ZnO2-2,ZnO2-2,aq,SSWS97.5 [S98],NA,14.Nov.97,cal,-93290,-132100,-40,-15,-26.4,-0.5559,-9.1347,9.3301,-2.4013,32.5837,-6.09,3.8216,-2,4,0,-1.0000 ZnO2-2 -4.0000 H+ 1.0000 Zn+2 2.0000 H2O,,Zn+2 2O-2
ZnOH+,ZnOH+,ZnOH+1,aq,SSWS97.5 [S98],NA,14.Nov.97,cal,-81190,-86990,15,10,-5.3,1.1499,-4.9677,7.6896,-2.5735,15.0306,-0.9975,0.326,1,4,0,-1.0000 ZnOH+ -1.0000 H+ 1.0000 Zn+2 1.0000 H2O,,Zn+2 O-2 H+
akermanite,Ak,Ca2MgSi2O7,cr,HDNB78 [S92],SPRONS92.2,15.Mar.90,cal,-879362,-926497,50.03,NA,92.81,60.09,11.4,-11.4,0,0,0,0,1700,,,-1.0000 akermanite -6.0000 H+ 1.0000 Mg+2 2.0000 Ca+2 2.0000 SiO2 3.0000 H2O,,2Si+4 2Ca+2 Mg+2 7O-2
alabandite,Alb,MnS,cr,HDNB78 [S92],NA,5.May.78,cal,-52178,-51000,19.2,NA,21.46,11.4,1.8,0,0,0,0,0,1803,,,-1.0000 alabandite -1.0000 H+ 1.0000 HS- 1.0000 Mn+2,polymorph,Mn+2 S-2
albite,Ab,Na(AlSi3)O8,cr,HDNB78 [S92],NA,5.May.78,cal,-886308,-939680,49.51,NA,100.25,61.7,13.9,-15.01,0,0,0,0,473,,,-1.0000 albite -4.0000 H+ 1.0000 Al+3 1.0000 Na+ 2.0000 H2O 3.0000 SiO2,,Na+ Al+3 3Si+4 8O-2
"albite,high",Hi-Ab,NaAlSi3O8,cr,HDNB78 [S92],NA,5.May.78,cal,-884509,-937050,52.3,NA,100.43,61.7,13.9,-15.01,0,0,0,0,623,,,"-1.0000 albite,high -4.0000 H+ 1.0000 Al+3 1.0000 Na+ 2.0000 H2O 3.0000 SiO2",,Na+ Al+3 3Si+4 8O-2
"albite,low",Lo-Ab,Na(AlSi3)O8,cr,HDNB78 [S92],NA,5.May.78,cal,-886308,-939680,49.51,NA,100.07,61.7,13.9,-15.01,0,0,0,0,1400,,,"-1.0000 albite,low -4.0000 H+ 1.0000 Al+3 1.0000 Na+ 2.0000 H2O 3.0000 SiO2",,Na+ Al+3 3Si+4 8O-2
alunite,Alu,KAl3(OH)6(SO4)2,cr,HDNB78 [S92],NA,5.May.78,cal,-1113600,-1235600,78.4,NA,293.6,153.45,0,-54.95,0,0,0,0,650,,,-1.0000 alunite -6.0000 H+ 1.0000 K+ 2.0000 SO4-2 3.0000 Al+3 6.0000 H2O,,2S+6 3Al+3 6H+ K+ 14O-2
"amesite,7a",Ams-7A,Mg2Al(AlSi)O5(OH)4,cr,1,,5.May.78,cal,999999,999999,52,NA,103,81.03,24.738,-20.23,0,0,0,0,1000,,,"-1.0000 amesite,7a 2.0000 Al+3 2.0000 Mg+2 1.0000 SiO2 -10.0000 H+ 7.0000 H2O",,2Mg+2 2Al+3 Si+4 9O-2 4H+
amorphous-silica,Amor-Sl,SiO2,cr,1,NA,5.May.78,Cal,-202892,-214568,14.34,NA,29,5.93,47.2,-22.78,0,0,0,0,622,,,-1.0000 amorphous-silica 1.0000 SiO2,,Si+4 2O-2
analcime,Anl,NaAlSi2O6*H2O,cr,HDNB78 [S92],NA,5.May.78,cal,-738098,-790193,56,NA,97.1,53.49,24.14,-8.88,0,0,0,0,1000,,,-1.0000 analcime -4.0000 H+ 1.0000 Al+3 1.0000 Na+ 2.0000 SiO2 3.0000 H2O,,Na+ Al+3 2Si+4 2H+ 7O-2
"analcime,dehydrated",Dhyd-Anl,NaAlSi2O6,cr,HDNB78 [S92],NA,5.May.78,cal,-674989,-714678,41.9,NA,89.1,42.09,24.14,-8.88,0,0,0,0,1000,,,"-1.0000 analcime,dehydrated -4.0000 H+ 1.0000 Al+3 1.0000 Na+ 2.0000 H2O 2.0000 SiO2",idealized,Na+ Al+3 2Si+4 6O-2
anatase,Ana,TiO2,cr,supedit ,NA,19.MAY.93,cal,-211110,-224360,13.21,NA,20.52,17.2952,1.0813,-3.8445,0,0,0,0,1300,,,-1.0000 anatase 1.0000 Ti+4 -4.0000 H+ 2.0000 H2O,,Ti+4 2O-2
andalusite,And,Al2SiO5,cr,HDNB78 [S92],NA,5.May.78,cal,-580587,-615866,22.2,NA,51.53,41.310833,6.292556,-12.392063,0,0,0,0,1043,,,-1.0000 andalusite -6.0000 H+ 1.0000 SiO2 2.0000 Al+3 3.0000 H2O,polymorph,2Al+3 Si+4 5O-2
andradite,Adr,Ca3Fe2Si3O12,cr,HDNB78 [S92],SPRONS92.2,15.Mar.90,cal,-1296819,-1380345,70.13,NA,131.85,113.532,15.636,-30.889,0,0,0,0,1100,,,-1.0000 andradite -12.0000 H+ 2.0000 Fe+3 3.0000 Ca+2 3.0000 SiO2 6.0000 H2O,,2Fe+3 3Ca+2 3Si+4 12O-2
anhydrite,Anh,CaSO4,cr,HDNB78 [S92],NA,5.May.78,cal,-315925,-342760,25.5,NA,45.94,16.78,23.6,0,0,0,0,0,1453,,,-1.0000 anhydrite 1.0000 Ca+2 1.0000 SO4-2,,S+6 Ca+2 4O-2
annite,Ann,KFe3(AlSi3)O10(OH)2,cr,HDNB78 [S92],NA,5.May.78,cal,-1147156,-1232195,95.2,NA,154.32,106.43,29.77,-19.31,0,0,0,0,1000,,,-1.0000 annite -10.0000 H+ 1.0000 Al+3 1.0000 K+ 3.0000 Fe+2 3.0000 SiO2 6.0000 H2O,idealized,K+ 3Fe+2 Al+3 3Si+4 2H+ 12O-2
anorthite,An,Ca(Al2Si2)O8,cr,HDNB78 [S92],SPRONS92.2,15.Mar.90,cal,-954078,-1007552,49.1,NA,100.79,63.311,14.794,-15.44,0,0,0,0,1700,,,-1.0000 anorthite -8.0000 H+ 1.0000 Ca+2 2.0000 Al+3 2.0000 SiO2 4.0000 H2O,,Ca+2 2Al+3 2Si+4 8O-2
anthophyllite,Ath,Mg7Si8O22(OH)2,cr,HDNB78 [S92],NA,5.May.78,cal,-2715430,-2888749,128.6,NA,264.4,180.682,60.574,-38.462,0,0,0,0,903,,,-1.0000 anthophyllite -14.0000 H+ 7.0000 Mg+2 8.0000 H2O 8.0000 SiO2,idealized,8Si+4 2H+ 7Mg+2 24O-2
antigorite,Atg,Mg48Si34O85(OH)62,cr,HDNB78 [S92],NA,5.May.78,cal,-15808020,-17070891,861.36,NA,1749.13,1228.45,513.76,-286.68,0,0,0,0,848,,,-1.0000 antigorite -96.0000 H+ 34.0000 SiO2 48.0000 Mg+2 79.0000 H2O,idealized,34Si+4 62H+ 48Mg+2 147O-2
aragonite,Arg,CaCO3,cr,HDNB78 [S92],PB82 [S92],9.Mar.90,cal,-269683,-288531,21.56,NA,34.15,20.13,10.24,-3.34,0,0,0,0,600,,,-1.0000 aragonite -1.0000 H+ 1.0000 Ca+2 1.0000 HCO3-,polymorph,C+4 Ca+2 3O-2
artinite,Art,Mg2(OH)2(CO3)*3H2O,cr,HDNB78 [S92],NA,5.May.78,cal,-613915,-698043,55.67,NA,96.9,70.87,27.66,-7.43,0,0,0,0,1000,,,-1.0000 artinite -3.0000 H+ 1.0000 HCO3- 2.0000 Mg+2 5.0000 H2O,,C+4 8H+ 2Mg+2 8O-2
azurite,Azr,Cu3(OH)2(CO3)2,cr,HDNB78 [S92],NA,5.May.78,cal,-334417,-390100,66.97,NA,91.01,36.88,77.44,-0.92,0,0,0,0,780,,,-1.0000 azurite -4.0000 H+ 2.0000 H2O 2.0000 HCO3- 3.0000 Cu+2,,3Cu+2 2C+4 2H+ 8O-2
barite,Brt,BaSO4,cr,HDNB78 [S92],NA,5.May.78,cal,-325563,-352100,31.6,NA,52.1,33.8,0,-8.43,0,0,0,0,1422,,,-1.0000 barite 1.0000 Ba+2 1.0000 SO4-2,,Ba+2 S+6 4O-2
boehmite,Bhm,AlO(OH),cr,HDNB78 [S92],NA,5.May.78,cal,-217250,-235078,11.58,NA,19.535,14.435,4.2,0,0,0,0,0,500,,,-1.0000 boehmite -3.0000 H+ 1.0000 Al+3 2.0000 H2O,,Al+3 H+ 2O-2
bornite,Bn,Cu5FeS4,cr,HDNB78 [S92],PK70 [S92],5.May.78,cal,-86704,-79922,99.29,NA,98.6,49.76,35.08,-1.35,0,0,0,0,485,,,-1.0000 bornite -4.0000 H+ 1.0000 Cu+2 1.0000 Fe+2 4.0000 Cu+ 4.0000 HS-,,5Cu+ Fe+3 4S-2
brucite,Brc,Mg(OH)2,cr,HDNB78 [S92],NA,5.May.78,cal,-199646,-221390,15.09,NA,24.63,24.147,4.0124,-6.11,0,0,0,0,900,,,-1.0000 brucite -2.0000 H+ 1.0000 Mg+2 2.0000 H2O,,Mg+2 2H+ 2O-2
bunsenite,Bsn,NiO,cr,HDNB78 [S92],NA,5.May.78,cal,-50573,-57300,9.08,NA,10.97,-4.99,37.58,3.89,0,0,0,0,525,,,-1.0000 bunsenite -2.0000 H+ 1.0000 H2O 1.0000 Ni+2,,Ni+2 O-2
ca-al-pyroxene,Ca-Al-Px,CaAl2SiO6,cr,1,19,15.Mar.90,cal,-742067,-783793,35,NA,63.5,54.13,6.42,-14.9,0,0,0,0,1400,,,-1.0000 ca-al-pyroxene 1.0000 Ca+2 2.0000 Al+3 1.0000 SiO2 -8.0000 H+ 4.0000 H2O,,Ca+2 2Al+3 Si+4 6O-2
calcite,Cal,CaCO3,cr,HDNB78 [S92],PB82 [S92],9.Mar.90,cal,-269880,-288552,22.15,NA,36.934,24.98,5.24,-6.2,0,0,0,0,1200,,,-1.0000 calcite -1.0000 H+ 1.0000 Ca+2 1.0000 HCO3-,polymorph,C+4 Ca+2 3O-2
celadonite,Cln,K(MgAl)Si4O10(OH)2,cr,1,,5.May.78,cal,999999,999999,74.9,NA,157.1,80.25,25.3,-18.54,0,0,0,0,1000,,,-1.0000 celadonite 1.0000 Al+3 1.0000 K+ 1.0000 Mg+2 4.0000 SiO2 -6.0000 H+ 4.0000 H2O,,K+ Mg+2 Al+3 4Si+4 12O-2 2H+
celestite,Cls,SrSO4,cr,RA87,HDNB78.2 [S92],15.Jan.19,cal,-321736.8,-348671.3,28.66216,NA,46.25,21.8,13.3,0,0,0,0,0,1500,,,-1.0000 celestite 1.0000 SO4-2 1.0000 Sr+2,,Sr+2 S+6 4O-2
chabazite,Cbz,Ca(Al2Si4)O12*6H2O,cr,1,,5.May.78,cal,999999,999999,152.9,NA,247.76,146,44.47,-16.43,0,0,0,0,1000,,,-1.0000 chabazite 2.0000 Al+3 1.0000 Ca+2 4.0000 SiO2 -8.0000 H+ 10.0000 H2O,,Ca+2 2Al+3 4Si+4 18O-2 12H+
chalcedony,Cha,SiO2,cr,HDNB78 [S92],NA,5.May.78,cal,-204276,-217282,9.88,NA,22.688,11.22,8.2,-2.7,0,0,0,0,848,,,-1.0000 chalcedony 1.0000 SiO2,,Si+4 2O-2
chalcocite,Cct,Cu2S,cr,HDNB78 [S92],NA,5.May.78,cal,-20626,-19000,28.9,NA,27.48,12.63,18.82,0,0,0,0,0,376,,,-1.0000 chalcocite -1.0000 H+ 1.0000 HS- 2.0000 Cu+,,2Cu+ S-2
chalcopyrite,Ccp,CuFeS2,cr,HDNB78 [S92],PK70 [S92],5.May.78,cal,-44900,-44453,31.15,NA,42.83,20.79,12.8,-1.34,0,0,0,0,830,,,-1.0000 chalcopyrite -2.0000 H+ 1.0000 Cu+2 1.0000 Fe+2 2.0000 HS-,,Cu+ Fe+3 2S-2
chloritoid,Cld,FeAl2SiO5(OH)2,cr,1,,5.May.78,cal,999999,999999,42.1,NA,69.8,60.63,17.13,-13.63,0,0,0,0,1000,,,-1.0000 chloritoid 2.0000 Al+3 1.0000 Fe+2 1.0000 SiO2 -8.0000 H+ 5.0000 H2O,,Fe+2 2Al+3 Si+4 7O-2 2H+
chrysotile,Ctl,Mg3Si2O5(OH)4,cr,HDNB78 [S92],NA,5.May.78,cal,-964871,-1043123,52.9,NA,108.5,75.82,31.6,-17.58,0,0,0,0,1000,,,-1.0000 chrysotile -6.0000 H+ 2.0000 SiO2 3.0000 Mg+2 5.0000 H2O,,2Si+4 4H+ 3Mg+2 9O-2
"clinochlore,14a",14A-Cnc,Mg5Al(AlSi3)O10(OH)8,cr,HDNB78 [S92],NA,5.May.78,cal,-1961703,-2116964,111.2,NA,207.11,166.5,42.1,-37.47,0,0,0,0,900,,,"-1.0000 clinochlore,14a -16.0000 H+ 2.0000 Al+3 3.0000 SiO2 5.0000 Mg+2 12.0000 H2O",idealized,2Al+3 8H+ 5Mg+2 18O-2 3Si+4
"clinochlore,7a",7A-Cnc,Mg5Al(AlSi3)O10(OH)8,cr,HDNB78 [S92],NA,5.May.78,cal,-1957101,-2113197,106.5,NA,211.5,162.82,50.62,-40.88,0,0,0,0,848,,,"-1.0000 clinochlore,7a -16.0000 H+ 2.0000 Al+3 3.0000 SiO2 5.0000 Mg+2 12.0000 H2O",idealized,2Al+3 8H+ 5Mg+2 18O-2 3Si+4
clinozoisite,Czo,Ca2Al3Si3O12(OH),cr,HDNB78 [S92],SPRONS92.2,15.Mar.90,cal,-1549240,-1643781,70.64,NA,136.2,106.118,25.214,-27.145,0,0,0,0,700,,,-1.0000 clinozoisite -13.0000 H+ 2.0000 Ca+2 3.0000 Al+3 3.0000 SiO2 7.0000 H2O,,3Al+3 2Ca+2 H+ 13O-2 3Si+4
coesite,Cos,SiO2,cr,HDNB78 [S92],NA,5.May.78,cal,-203541,-216614,9.65,NA,20.641,11,8.2,-2.7,0,0,0,0,848,,,-1.0000 coesite 1.0000 SiO2,polymorph,Si+4 2O-2
copper,Cu,Cu,cr,HDNB78 [S92],NA,5.May.78,cal,0,0,7.923,NA,7.113,5.41,1.5,0,0,0,0,0,1357,,,-1.0000 copper -2.0000 H+ -0.5000 O2(g) 1.0000 Cu+2 1.0000 H2O,refstate,Cu 
cordierite,Crd,Mg2Al3(AlSi5)O18,cr,1,NA,5.May.78,cal,-2061279,-2183199,97.33,NA,233.22,143.83,25.8,-38.6,0,0,0,0,1700,,,-1.0000 cordierite 4.0000 Al+3 2.0000 Mg+2 5.0000 SiO2 -16.0000 H+ 8.0000 H2O,,2Mg+2 4Al+3 5Si+4 18O-2
"cordierite,hydrous",Hyd-Crd,Mg2Al3(AlSi5)O18*H2O,cr,HDNB78 [S92],NA,5.May.78,cal,-2121350,-2255676,111.43,NA,241.22,155.23,25.8,-38.6,0,0,0,0,1700,,,"-1.0000 cordierite,hydrous -16.0000 H+ 2.0000 Mg+2 4.0000 Al+3 5.0000 SiO2 9.0000 H2O",,4Al+3 2H+ 2Mg+2 19O-2 5Si+4
corundum,Crn,Al2O3,cr,HDNB78 [S92],NA,5.May.78,cal,-374824,-397145,12.18,NA,25.575,27.49,2.82,-8.38,0,0,0,0,1800,,,-1.0000 corundum -6.0000 H+ 2.0000 Al+3 3.0000 H2O,,2Al+3 3O-2
covellite,Cv,CuS,cr,HDNB78 [S92],NA,5.May.78,cal,-12612,-12500,15.9,NA,20.42,10.6,2.64,0,0,0,0,0,1273,,,-1.0000 covellite -1.0000 H+ 1.0000 Cu+2 1.0000 HS-,,Cu+2 S-2
cristobalite,Crs,SiO2,cr,HDNB78 [S92],NA,5.May.78,cal,-203895,-216755,10.372,NA,25.74,13.98,3.34,-3.81,0,0,0,0,543,,,-1.0000 cristobalite 1.0000 SiO2,polymorph,Si+4 2O-2
"cristobalite,alpha",A-Crs,SiO2,cr,HDNB78 [S92],NA,5.May.78,cal,-203895,-216755,10.372,NA,25.74,13.98,3.34,-3.81,0,0,0,0,1000,,,"-1.0000 cristobalite,alpha 1.0000 SiO2",polymorph,Si+4 2O-2
"cronstedtite,7a",7A-Csd,Fe4SiO5(OH)4,cr,1,21,8.Mar.17,cal,-624630,-696242,73.5,NA,110.9,84.79,41.84,-12.476,0,0,0,0,950,,,"-1.0000 cronstedtite,7a 2.0000 Fe+2 2.0000 Fe+3 1.0000 SiO2 -10.0000 H+ 7.0000 H2O",,2Fe+2 2Fe+3 Si+4 9O-2 4H+
"cristobalite,beta",B-Crs,SiO2,cr,HDNB78 [S92],NA,5.May.78,cal,-203290,-215675,11.963,NA,27.38,17.39,0.31,-9.89,0,0,0,0,2000,,,"-1.0000 cristobalite,beta 1.0000 SiO2",polymorph,Si+4 2O-2
cummingtonite,Cum,Mg7Si8O22(OH)2,cr,1,,16.AUG.15,cal,999999,999999,127.5,NA,271.9,185.24,58.61,-41.66,0,0,0,0,800,,,-1.0000 cummingtonite 7.0000 Mg+2 8.0000 SiO2 -14.0000 H+ 8.0000 H2O,,7Mg+2 8Si+4 24O-2 2H+
cuprite,Cpr,Cu2O,cr,HDNB78 [S92],NA,5.May.78,cal,-35384,-40830,22.08,NA,23.437,14.08,5.88,-0.76,0,0,0,0,1515,,,-1.0000 cuprite -2.0000 H+ 1.0000 H2O 2.0000 Cu+,,2Cu+ O-2
"daphnite,14a",Dph-14A,Fe5Al(AlSi3)O10(OH)8,cr,HDNB78 [S92],SLOP98.2,5.May.78,cal,-1550482,-1695426,142.5,NA,213.42,176.21,43.76,-33.82,0,0,0,0,1000,,,"-1.0000 daphnite,14a -16.0000 H+ 2.0000 Al+3 3.0000 SiO2 5.0000 Fe+2 12.0000 H2O",idealized,5Fe+2 2Al+3 8H+ 18O-2 3Si+4
diaspore,Dsp,AlO(OH),cr,HDNB78 [S92],NA,5.May.78,cal,-218402,-237170,8.43,NA,17.76,14.435,4.2,0,0,0,0,0,500,,,-1.0000 diaspore -3.0000 H+ 1.0000 Al+3 2.0000 H2O,,Al+3 H+ 2O-2
diopside,Di,CaMg(SiO3)2,cr,HDNB78 [S92],SPRONS92.2,15.Mar.90,cal,-723780,-765378,34.2,NA,66.09,52.87,7.84,-15.74,0,0,0,0,1600,,,-1.0000 diopside -4.0000 H+ 1.0000 Ca+2 1.0000 Mg+2 2.0000 H2O 2.0000 SiO2,,2Si+4 Ca+2 Mg+2 6O-2
dolomite,Dol,CaMg(CO3)2,cr,HDNB78 [S92],SPRONS92.2,15.Mar.90,cal,-517760,-556631,37.09,NA,64.365,41.557,23.952,-9.884,0,0,0,0,1000,,,-1.0000 dolomite -2.0000 H+ 1.0000 Ca+2 1.0000 Mg+2 2.0000 HCO3-,,2C+4 Ca+2 Mg+2 6O-2
dolomite-dis,Dis-Dol,CaMg(CO3)2,cr,1,19,15.Mar.90,cal,-515653,-553704,39.84,NA,64.39,44.711,17.779,-10.948,0,0,0,0,1000,,,-1.0000 dolomite-dis 2.0000 HCO3- 1.0000 Ca+2 1.0000 Mg+2 -2.0000 H+,,Ca+2 Mg+2 2C+4 6O-2
dolomite-ord,Ord-Dol,CaMg(CO3)2,cr,1,19,15.Mar.90,cal,-517760,-556631,37.09,NA,64.34,44.711,17.779,-10.948,0,0,0,0,1000,,,-1.0000 dolomite-ord 2.0000 HCO3- 1.0000 Ca+2 1.0000 Mg+2 -2.0000 H+,,Ca+2 Mg+2 2C+4 6O-2
enstatite,En,MgSiO3,cr,HDNB78 [S92],NA,5.May.78,cal,-348930,-369686,16.2,NA,31.276,24.55,4.74,-6.28,0,0,0,0,903,,,-1.0000 enstatite -2.0000 H+ 1.0000 H2O 1.0000 Mg+2 1.0000 SiO2,polymorph,Si+4 Mg+2 3O-2
epidote,Ep,Ca2FeAl2Si3O12(OH),cr,HDNB78 [S92],SPRONS92.2,15.Mar.90,cal,-1450906,-1543992,75.28,NA,139.2,117.622,12.816,-31.864,0,0,0,0,1100,,,-1.0000 epidote -13.0000 H+ 1.0000 Fe+3 2.0000 Al+3 2.0000 Ca+2 3.0000 SiO2 7.0000 H2O,idealized,Fe+3 2Al+3 2Ca+2 H+ 13O-2 3Si+4
"epidote,ordered",Ord-Ep,Ca2FeAl2Si3O12(OH),cr,HDNB78 [S92],SPRONS92.2,15.Mar.90,cal,-1450906,-1544016,75.2,NA,139.2,113.78,14.69,-28.92,0,0,0,0,1100,,,"-1.0000 epidote,ordered -13.0000 H+ 1.0000 Fe+3 2.0000 Al+3 2.0000 Ca+2 3.0000 SiO2 7.0000 H2O",idealized,Fe+3 2Al+3 2Ca+2 H+ 13O-2 3Si+4
fayalite,Fa,Fe2SiO4,cr,HDNB78 [S92],NA,5.May.78,cal,-330233,-354119,35.45,NA,46.39,36.51,9.36,-6.7,0,0,0,0,1490,,,-1.0000 fayalite -4.0000 H+ 1.0000 SiO2 2.0000 Fe+2 2.0000 H2O,,2Fe+2 Si+4 4O-2
fe-brucite,Fe-Brc,Fe(OH)2,cr,22,NA,8.Mar.17,cal,-117730,-137335,21.03,NA,26.43,26.06,4.348,-5.38,0,0,0,0,700,,,-1.0000 fe-brucite 1.0000 Fe+2 -2.0000 H+ 2.0000 H2O,,Fe+2 2H+ 2O-2
ferrihydrite,Fhy,FeOOH*0.027H2O,cr,PC,NA,01.Mar.14,cal,-115184,-129797,17.14,NA,21.66,11.03,32.51,-1.54166,0,0,0,0,300,,,-1.0000 ferrihydrite 1.0000 Fe+3 -3.0000 H+ 2.0270 H2O,,Fe+3 1.054H+ 2.027O-2
ferrihydrite*0h2o,Fhy0,FeOOH*0.000H2O,cr,PC,NA,01.Mar.14,cal,-111474,-127680,16.81,NA,21.45,10.7,32.51,-1.54166,0,0,0,0,300,,,-1.0000 ferrihydrite*0h2o 1.0000 Fe+3 -3.0000 H+ 2.0000 H2O,,Fe+3 H+ 2O-2
ferrihydrite*1h2o,Fhy1,FeOOH*1.000H2O,cr,PC,NA,01.Mar.14,cal,-170972,-200115,29.17,NA,33.7,23,32.51,-1.54166,0,0,0,0,300,,,-1.0000 ferrihydrite*1h2o 1.0000 Fe+3 -3.0000 H+ 3.0000 H2O,,Fe+3 3H+ 3O-2
ferropargasite,Fe-Prg,Na(Ca2Fe4Al)(Al2Si6O22)(OH)2,cr,1,NA,5.May.78,cal,-2526187,-2686900,185.5,NA,279.89,213.57,42.99,-47.29,0,0,0,0,1000,,,-1.0000 ferropargasite 3.0000 Al+3 2.0000 Ca+2 4.0000 Fe+2 1.0000 Na+ 6.0000 SiO2 -22.0000 H+ 12.0000 H2O,,Na+ 2Ca+2 4Fe+2 3Al+3 6Si+4 2H+ 24O-2
ferrosilite,Fs,FeSiO3,cr,HDNB78 [S92],Hel85 [S92],5.May.78,cal,-267588,-285658,21.63,NA,32.952,26.49,5.07,-5.55,0,0,0,0,413,,,-1.0000 ferrosilite -2.0000 H+ 1.0000 Fe+2 1.0000 H2O 1.0000 SiO2,idealized,Fe+2 Si+4 3O-2
ferrotremolite,Fe-Tr,(Ca2Fe5)Si8O22(OH)2,cr,HDNB78 [S92],NA,5.May.78,cal,-2349100,-2511300,163.5,NA,282.8,197.93,58.95,-41.17,0,0,0,0,800,,,-1.0000 ferrotremolite -14.0000 H+ 2.0000 Ca+2 5.0000 Fe+2 8.0000 H2O 8.0000 SiO2,idealized,5Fe+2 2Ca+2 2H+ 24O-2 8Si+4
ferrous-oxide,Frs-Ox,FeO,cr,HDNB78 [S92],NA,5.May.78,cal,-60097,-65020,14.52,NA,12,12.122,2.072,-0.75,0,0,0,0,1600,,,-1.0000 ferrous-oxide -2.0000 H+ 1.0000 Fe+2 1.0000 H2O,,Fe+2 O-2
fluorite,Fl,CaF2,cr,HDNB78 [S92],NA,5.May.78,cal,-280493,-293000,16.39,NA,24.542,14.3,7.28,0.47,0,0,0,0,1424,,,-1.0000 fluorite 1.0000 Ca+2 2.0000 F-,,Ca+2 2F-
forsterite,Fo,Mg2SiO4,cr,HDNB78 [S92],NA,5.May.78,cal,-491564,-520000,22.75,NA,43.79,35.81,6.54,-8.52,0,0,0,0,1800,,,-1.0000 forsterite -4.0000 H+ 1.0000 SiO2 2.0000 H2O 2.0000 Mg+2,,Si+4 2Mg+2 4O-2
gehlenite,Gh,Ca2(Al2Si)O7,cr,HDNB78 [S92],SPRONS92.2,15.Mar.90,cal,-903148,-951225,48.1,NA,90.24,63.74,8,-15.12,0,0,0,0,1800,,,-1.0000 gehlenite -10.0000 H+ 1.0000 SiO2 2.0000 Al+3 2.0000 Ca+2 5.0000 H2O,,2Ca+2 2Al+3 Si+4 7O-2
gibbsite,Gbs,Al(OH)3,cr,HDNB78 [S92],NA,5.May.78,cal,-276168,-309065,16.75,NA,31.956,8.65,45.6,0,0,0,0,0,425,,,-1.0000 gibbsite -3.0000 H+ 1.0000 Al+3 3.0000 H2O,polymorph,Al+3 3H+ 3O-2
goethite,NA,FeOOH,cr,MGN03,MLS+03,13.Apr.09,cal,-117065,-134010.5,14.269,17.77,20.881,0.298,55.736,0.75,0,0,0,0,375,,,-1.0000 goethite -3.0000 H+ 1.0000 Fe+3 2.0000 H2O,,Fe+3 2O-2 H+
graphite,Gr,C,cr,HDNB78 [S92],NA,5.May.78,cal,0,0,1.372,NA,5.298,4.03,1.14,-2.04,0,0,0,0,2500,,,-1.0000 graphite -1.0000 H2O -1.0000 O2(g) 1.0000 H+ 1.0000 HCO3-,refstate,C 
greenalite,Grn,Fe3Si2O5(OH)4,cr,HDNB78 [S92],NA,5.May.78,cal,-715340,-644110,72.6,NA,115,81.65,32.6,-15.39,0,0,0,0,1000,,,-1.0000 greenalite -6.0000 H+ 2.0000 SiO2 3.0000 Fe+2 5.0000 H2O,,3Fe+2 2Si+4 4H+ 9O-2
grossular,Grs,Ca3Al2Si3O12,cr,HDNB78 [S92],SPRONS92.2,15.Mar.90,cal,-1496307,-1582737,60.87,NA,125.3,104.017,17.013,-27.318,0,0,0,0,1000,,,-1.0000 grossular -12.0000 H+ 2.0000 Al+3 3.0000 Ca+2 3.0000 SiO2 6.0000 H2O,,3Ca+2 2Al+3 3Si+4 12O-2
halite,Hl,NaCl,cr,HDNB78 [S92],NA,5.May.78,cal,-91807,-98260,17.24,NA,27.015,10.98,3.9,0,0,0,0,0,1073,,,-1.0000 halite 1.0000 Cl- 1.0000 Na+,,Na+ Cl-
hedenbergite,Hd,CaFe(SiO3)2,cr,HDNB78 [S92],SPRONS92.2,5.Mar.90,cal,-638998,-678276,40.7,NA,68.27,54.81,8.17,-15.01,0,0,0,0,1600,,,-1.0000 hedenbergite -4.0000 H+ 1.0000 Ca+2 1.0000 Fe+2 2.0000 H2O 2.0000 SiO2,,Fe+2 Ca+2 6O-2 2Si+4
hematite,Hem,Fe2O3,cr,HDNB78 [S92],NA,5.May.78,cal,-178155,-197720,20.94,NA,30.274,23.49,18.6,-3.55,0,0,0,0,950,,,-1.0000 hematite -6.0000 H+ 2.0000 Fe+3 3.0000 H2O,,2Fe+3 3O-2
huntite,Hun,CaMg3(CO3)4,cr,HDNB78 [S92],NA,5.May.78,cal,-1004710,-1082600,71.59,NA,122.9,84.17,42.86,-20.44,0,0,0,0,1000,,,-1.0000 huntite -4.0000 H+ 1.0000 Ca+2 3.0000 Mg+2 4.0000 HCO3-,,4C+4 Ca+2 3Mg+2 12O-2
hydromagnesite,Hydro-Mgs,Mg5(OH)2(CO3)4*4H2O,cr,HDNB78 [S92],NA,5.May.78,cal,-1401687,-1557090,129.38,NA,208.8,141.46,65.28,-21.67,0,0,0,0,1000,,,-1.0000 hydromagnesite -6.0000 H+ 4.0000 HCO3- 5.0000 Mg+2 6.0000 H2O,,4C+4 10H+ 5Mg+2 18O-2
ilmenite,FeTiO3,FeTiO3,cr,supedit,NA,19.MAY.93,cal,-276128,-294442,25.96,NA,31.7,26.5422,6.7673,-4.0837,0,0,0,0,1640,,,-1.0000 ilmenite 1.0000 Fe+2 1.0000 Ti+4 -6.0000 H+ 3.0000 H2O,,Fe+2 Ti+4 3O-2
iron,Fe,Fe,cr,RHF78.2 [S92],Kel60.2 [S92],5.May.78,cal,0,0,6.52,NA,7.092,3.04,7.58,0.6,0,0,0,0,1033,,,-1.0000 iron -2.0000 H+ -0.5000 O2(g) 1.0000 Fe+2 1.0000 H2O,refstate,Fe 
jadeite,Jd,NaAl(SiO3)2,cr,HDNB78 [S92],NA,5.May.78,cal,-679445,-722116,31.9,NA,60.4,48.16,11.42,-11.87,0,0,0,0,1400,,,-1.0000 jadeite -4.0000 H+ 1.0000 Al+3 1.0000 Na+ 2.0000 H2O 2.0000 SiO2,idealized,Na+ Al+3 2Si+4 6O-2
K-feldspar,K-Fs,K(AlSi3)O8,cr,HDNB78 [S92],NA,5.May.78,cal,-895374,-949188,51.13,NA,108.87,76.617,4.311,-29.945,0,0,0,0,1400,,,-1.0000 K-feldspar -4.0000 H+ 1.0000 Al+3 1.0000 K+ 2.0000 H2O 3.0000 SiO2,polymorph,K+ Al+3 3Si+4 8O-2
kalsilite,Kls,K(AlSi)O4,cr,HDNB78 [S92],NA,5.May.78,cal,-481750,-509408,31.85,NA,59.89,29.43,17.36,-5.32,0,0,0,0,810,,,-1.0000 kalsilite -4.0000 H+ 1.0000 Al+3 1.0000 K+ 1.0000 SiO2 2.0000 H2O,,K+ Al+3 Si+4 4O-2
kaolinite,Kln,Al2Si2O5(OH)4,cr,HDNB78 [S92],NA,5.May.78,cal,-905614,-982221,48.53,NA,99.52,72.77,29.2,-21.52,0,0,0,0,1000,,,-1.0000 kaolinite -6.0000 H+ 2.0000 Al+3 2.0000 SiO2 5.0000 H2O,,2Al+3 2Si+4 4H+ 9O-2
kyanite,Ky,Al2SiO5,cr,HDNB78 [S92],NA,5.May.78,cal,-580956,-616897,20,NA,44.09,41.393132,6.816463,-12.882104,0,0,0,0,466,,,-1.0000 kyanite -6.0000 H+ 1.0000 SiO2 2.0000 Al+3 3.0000 H2O,polymorph,2Al+3 Si+4 5O-2
laumontite,lamt,Ca(Al2Si4)O12*4H2O,cr,HDNB78 [S92],SPRONS92.2,15.Mar.90,cal,-1596823,-1728664,116.1,NA,207.55,123.2,44.47,-16.43,0,0,0,0,1000,,,-1.0000 laumontite -8.0000 H+ 1.0000 Ca+2 2.0000 Al+3 4.0000 SiO2 8.0000 H2O,,Ca+2 2Al+3 4Si+4 8H+ 16O-2
lawsonite,Lws,CaAl2Si2O7(OH)2*H2O,cr,HDNB78 [S92],SPRONS92.2,15.Mar.90,cal,-1073408,-1158104,55.8,NA,101.32,81.8,23.36,-16.26,0,0,0,0,848,,,-1.0000 lawsonite -8.0000 H+ 1.0000 Ca+2 2.0000 Al+3 2.0000 SiO2 6.0000 H2O,,Ca+2 2Al+3 2Si+4 4H+ 10O-2
lepidocrocite,LPD,FeOOH,cr,PC,NA,01.Mar.14,cal,-115480,-132062,15.55,NA,22.48,12.926,17.22,-1.35237,0,0,0,0,390,,,-1.0000 lepidocrocite 1.0000 Fe+3 -3.0000 H+ 2.0000 H2O,,Fe+3 H+ 2O-2
lime,Lim,CaO,cr,HDNB78 [S92],NA,5.May.78,cal,-144366,-151790,9.5,NA,16.764,11.67,1.08,-1.56,0,0,0,0,2000,,,-1.0000 lime -2.0000 H+ 1.0000 Ca+2 1.0000 H2O,,Ca+2 O-2
maghemite,MGH,Fe2O3,cr,PC,NA,01.Mar.14,cal,-175097,-194233,22.24,NA,32.8,25.78,15.23,-4.66232,0,0,0,0,760,,,-1.0000 maghemite 2.0000 Fe+3 -6.0000 H+ 3.0000 H2O,,2Fe+3 3O-2
magnesite,Mgs,MgCO3,cr,HDNB78 [S92],NA,5.May.78,cal,-245658,-265630,15.7,NA,28.018,19.731,12.539,-4.748,0,0,0,0,1000,,,-1.0000 magnesite -1.0000 H+ 1.0000 HCO3- 1.0000 Mg+2,,C+4 Mg+2 3O-2
magnetite,Mag,Fe3O4,cr,HDNB78 [S92],NA,5.May.78,cal,-242574,-267250,34.83,NA,44.524,21.88,48.2,0,0,0,0,0,900,,,-1.0000 magnetite -8.0000 H+ 1.0000 Fe+2 2.0000 Fe+3 4.0000 H2O,,2Fe+3 Fe+2 4O-2
malachite,Mal,Cu2(OH)2(CO3),cr,HDNB78 [S92],NA,5.May.78,cal,-214204,-251900,44.5,NA,54.86,27.76,43.78,-1.34,0,0,0,0,780,,,-1.0000 malachite -3.0000 H+ 1.0000 HCO3- 2.0000 Cu+2 2.0000 H2O,,2Cu+2 2H+ 5O-2 C+4
manganosite,Mng,MnO,cr,HDNB78 [S92],WEP+82.1 [S92],5.May.78,cal,-86735,-92070,14.27,NA,13.221,11.11,1.94,-0.88,0,0,0,0,1800,,,-1.0000 manganosite -2.0000 H+ 1.0000 H2O 1.0000 Mn+2,,Mn+2 O-2
margarite,Mrg,CaAl2(Al2Si2)O10(OH)2,cr,HDNB78 [S92],SPRONS92.2,15.Mar.90,cal,-1394150,-1485803,63.8,NA,129.4,102.5,16.35,-28.05,0,0,0,0,848,,,-1.0000 margarite -14.0000 H+ 1.0000 Ca+2 2.0000 SiO2 4.0000 Al+3 8.0000 H2O,,Ca+2 4Al+3 2Si+4 2H+ 12O-2
merwinite,Mer,Ca3Mg(SiO4)2,cr,HDNB78 [S92],SPRONS92.2,15.Mar.90,cal,-1036526,-1090796,60.5,NA,104.4,72.97,11.96,-14.44,0,0,0,0,1700,,,-1.0000 merwinite -8.0000 H+ 1.0000 Mg+2 2.0000 SiO2 3.0000 Ca+2 4.0000 H2O,,2Si+4 3Ca+2 Mg+2 8O-2
"microcline,maximum",Max-Mc,K(AlSi3)O8,cr,HDNB78 [S92],NA,5.May.78,cal,-895374,-949188,51.13,NA,108.741,63.83,12.9,-17.05,0,0,0,0,1400,,,"-1.0000 microcline,maximum -4.0000 H+ 1.0000 Al+3 1.0000 K+ 2.0000 H2O 3.0000 SiO2",polymorph,K+ Al+3 3Si+4 8O-2
minnesotaite,Mnn,Fe3Si4O10(OH)2,cr,1,21,8.Mar.17,cal,-1070057,-1153381,83.5,NA,147.86,88.31,42.61,-11.15,0,0,0,0,800,,,-1.0000 minnesotaite 3.0000 Fe+2 4.0000 SiO2 -6.0000 H+ 4.0000 H2O,,3Fe+2 4Si+4 2H+ 12O-2
monticellite,Mtc,CaMgSiO4,cr,HDNB78 [S92],NA,5.May.78,cal,-512829,-540800,26.4,NA,51.47,36.82,5.34,-8,0,0,0,0,1400,,,-1.0000 monticellite -4.0000 H+ 1.0000 Ca+2 1.0000 Mg+2 1.0000 SiO2 2.0000 H2O,,Si+4 Ca+2 Mg+2 4O-2
muscovite,Ms,KAl2(AlSi3)O10(OH)2,cr,HDNB78 [S92],NA,5.May.78,cal,-1336301,-1427408,68.8,NA,140.71,97.56,26.38,-25.44,0,0,0,0,1000,,,-1.0000 muscovite -10.0000 H+ 1.0000 K+ 3.0000 Al+3 3.0000 SiO2 6.0000 H2O,idealized,K+ 3Al+3 3Si+4 2H+ 12O-2
nepheline,Ne,Na(AlSi)O4,cr,HDNB78 [S92],NA,5.May.78,cal,-472872,-500241,29.72,NA,54.16,35.908062,6.457918,-7.327965,0,0,0,0,1500,,,-1.0000 nepheline -4.0000 H+ 1.0000 Al+3 1.0000 Na+ 1.0000 SiO2 2.0000 H2O,idealized,Na+ Al+3 Si+4 4O-2
nesquehonite,Nsh,MgCO3*3H2O,cr,HDNB78 [S92],NA,5.May.78,cal,-412035,-472576,46.76,NA,74.79,-1574.804,3899.173,-417.325,0,0,0,0,306.5,,,-1.0000 nesquehonite -1.0000 H+ 1.0000 HCO3- 1.0000 Mg+2 3.0000 H2O,,C+4 6H+ Mg+2 6O-2
nickel,Ni,Ni,cr,HDNB78 [S92],NA,5.May.78,cal,0,0,7.14,NA,6.588,4.06,7.04,0,0,0,0,0,633,,,-1.0000 nickel -2.0000 H+ -0.5000 O2(g) 1.0000 H2O 1.0000 Ni+2,refstate,Ni 
paragonite,Pg,NaAl2(AlSi3)O10(OH)2,cr,HDNB78 [S92],NA,5.May.78,cal,-1326012,-1416963,66.4,NA,132.53,97.43,24.5,-26.44,0,0,0,0,1000,,,-1.0000 paragonite -10.0000 H+ 1.0000 Na+ 3.0000 Al+3 3.0000 SiO2 6.0000 H2O,,Na+ 3Al+3 3Si+4 2H+ 12O-2
pargasite,Prg,Na(Ca2Mg4Al)(Al2Si6)O22(OH)2,cr,HDNB78 [S92],SPRONS92.2,15.Mar.90,cal,-2846728,-3016624,160,NA,273.5,205.8,41.66,-50.21,0,0,0,0,1000,,,-1.0000 pargasite -22.0000 H+ 1.0000 Na+ 2.0000 Ca+2 3.0000 Al+3 4.0000 Mg+2 6.0000 SiO2 12.0000 H2O,idealized,Na+ 2Ca+2 4Mg+2 3Al+3 6Si+4 2H+ 24O-2
periclase,Per,MgO,cr,HDNB78 [S92],NA,5.May.78,cal,-136086,-143800,6.44,NA,11.248,10.18,1.74,-1.48,0,0,0,0,2100,,,-1.0000 periclase -2.0000 H+ 1.0000 H2O 1.0000 Mg+2,,Mg+2 O-2
perovskite,CaTiO3,CaTiO3,cr,supedit,NA,19.MAY.93,cal,-376495,-396900,22.38,NA,33.626,28.3102,3.4925,-4.9032,0,0,0,0,1530,,,-1.0000 perovskite 1.0000 Ca+2 1.0000 Ti+4 -6.0000 H+ 3.0000 H2O,,Ca+2 Ti+4 3O-2
phlogopite,Phl,KMg3(AlSi3)O10(OH)2,cr,HDNB78 [S92],NA,5.May.78,cal,-1396187,-1488067,76.1,NA,149.66,100.61,28.78,-21.5,0,0,0,0,1000,,,-1.0000 phlogopite -10.0000 H+ 1.0000 Al+3 1.0000 K+ 3.0000 Mg+2 3.0000 SiO2 6.0000 H2O,idealized,K+ 3Mg+2 Al+3 3Si+4 2H+ 12O-2
potassium-oxide,K-Ox,K2O,cr,1,,5.May.78,cal,-77056,-86800,22.5,NA,40.38,18.51,8.65,-0.88,0,0,0,0,1100,,,-1.0000 potassium-oxide 2.0000 K+ -2.0000 H+ 1.0000 H2O,,2K+ O-2
prehnite,Prh,Ca2Al2Si3O10(OH)2,cr,HDNB78 [S92],SPRONS92.2,15.Mar.90,cal,-1390097,-1481649,65,NA,140.33,91.6,37.82,-19.6,0,0,0,0,848,,,-1.0000 prehnite -10.0000 H+ 2.0000 Al+3 2.0000 Ca+2 3.0000 SiO2 6.0000 H2O,,2Ca+2 2Al+3 3Si+4 2H+ 12O-2
pyrite,Py,FeS2,cr,HDNB78 [S92],NA,5.May.78,cal,-38293,-41000,12.65,NA,23.94,17.88,1.32,-3.05,0,0,0,0,1000,,,-1.0000 pyrite -1.0000 H2O 0.5000 O2(g) 1.0000 Fe+2 2.0000 HS-,,Fe+2 2S-
pyrophyllite,Prl,Al2Si4O10(OH)2,cr,HDNB78 [S92],NA,5.May.78,cal,-1255997,-1345313,57.2,NA,126.6,79.432,39.214,-17.282,0,0,0,0,800,,,-1.0000 pyrophyllite -6.0000 H+ 2.0000 Al+3 4.0000 H2O 4.0000 SiO2,,2Al+3 4Si+4 2H+ 12O-2
pyrrhotite,Po,FeS,cr,HDNB78 [S92],NA,5.May.78,cal,-24084,-24000,14.41,NA,18.2,5.19,26.4,0,0,0,0,0,411,,,-1.0000 pyrrhotite -1.0000 H+ 1.0000 Fe+2 1.0000 HS-,idealized,Fe+2 S-2
quartz,Qtz,SiO2,cr,HDNB78 [S92],NA,5.May.78,cal,-204646,-217650,9.88,NA,22.688,11.22,8.2,-2.7,0,0,0,0,848,,,-1.0000 quartz 1.0000 SiO2,polymorph,Si+4 2O-2
rhodochrosite,Rds,MnCO3,cr,HDNB78 [S92],NA,5.May.78,cal,-195045,-212521,23.9,NA,31.075,21.99,9.3,-4.69,0,0,0,0,700,,,-1.0000 rhodochrosite -1.0000 H+ 1.0000 HCO3- 1.0000 Mn+2,,Mn+2 C+4 3O-2
rutile,TiO2,TiO2,cr,7,9,31.MAR.92,cal,-212883,-226101,12.02,NA,18.82,15.01442,2.720501,-2.365364,0,0,0,0,1800,,,-1.0000 rutile 1.0000 Ti+4 -4.0000 H+ 2.0000 H2O,,Ti+4 2O-2
"sanidine,high",Hi-Sa,K(AlSi3)O8,cr,HDNB78 [S92],NA,5.May.78,cal,-893738,-946538,54.53,NA,109.008,63.83,12.9,-17.05,0,0,0,0,1400,,,"-1.0000 sanidine,high -4.0000 H+ 1.0000 Al+3 1.0000 K+ 2.0000 H2O 3.0000 SiO2",polymorph,K+ Al+3 3Si+4 8O-2
sepiolite,Sep,Mg4Si6O15(OH)2(H2O)2*4H2O,cr,HDNB78 [S92],NA,5.May.78,cal,-2211192,-2418000,146.6,NA,285.6,157.92,104.3,-18.68,0,0,0,0,800,,,-1.0000 sepiolite -8.0000 H+ 4.0000 Mg+2 6.0000 SiO2 11.0000 H2O,,6Si+4 14H+ 4Mg+2 23O-2
siderite,Sd,FeCO3,cr,HDNB78 [S92],Hel85 [S92],5.May.78,cal,-162414,-179173,25.1,NA,29.378,11.63,26.8,0,0,0,0,0,885,,,-1.0000 siderite -1.0000 H+ 1.0000 Fe+2 1.0000 HCO3-,,Fe+2 C+4 3O-2
sillimanite,Sil,Al2SiO5,cr,HDNB78 [S92],NA,5.May.78,cal,-580091,-615099,23.13,NA,49.9,40.023988,7.390511,-11.674053,0,0,0,0,1200,,,-1.0000 sillimanite -6.0000 H+ 1.0000 SiO2 2.0000 Al+3 3.0000 H2O,polymorph,2Al+3 Si+4 5O-2
smithsonite,Smt,ZnCO3,cr,HDNB78 [S92],NA,5.May.78,cal,-174850,-194260,19.7,NA,28.275,9.3,33,0,0,0,0,0,780,,,-1.0000 smithsonite -1.0000 H+ 1.0000 HCO3- 1.0000 Zn+2,,Zn+2 C+4 3O-2
sodium-oxide,Na-Ox,Na2O,cr,1,NA,5.May.78,cal,-89883,-99140,17.935,NA,25,18.25,4.89,-2.89,0,0,0,0,1000,,,-1.0000 sodium-oxide 2.0000 Na+ -2.0000 H+ 1.0000 H2O,,2Na+ O-2
sphalerite,Sp,ZnS,cr,HDNB78 [S92],NA,5.May.78,cal,-47947,-49000,14.019,NA,23.83,11.77,1.26,-1.16,0,0,0,0,1300,,,-1.0000 sphalerite -1.0000 H+ 1.0000 HS- 1.0000 Zn+2,idealized,Zn+2 S-2
spinel,Spn,MgAl2O4,cr,HDNB78 [S92],NA,5.May.78,cal,-517006,-546847,19.27,NA,39.71,36.772808,6.415456,-9.708792,0,0,0,0,2000,,,-1.0000 spinel -8.0000 H+ 1.0000 Mg+2 2.0000 Al+3 4.0000 H2O,,2Al+3 Mg+2 4O-2
strontianite,Str,SrCO3,cr,HDNB78 [S92],NA,5.May.78,cal,-275470,-294600,23.2,NA,39.01,23.52,6.32,-5.08,0,0,0,0,1197,,,-1.0000 strontianite -1.0000 H+ 1.0000 HCO3- 1.0000 Sr+2,,Sr+2 C+4 3O-2
sulfur,S,S,cr,G13A,NA,12.Jun.98,cal,0,0,7.6,NA,15.61,3.58,6.24,0,0,0,0,0,368.6,,,-1.0000 sulfur 1.0000 HS- 1.0000 H+ 0.5000 O2(g) -1.0000 H2O,,S
sylvite,Sy,KCl,cr,HDNB78 [S92],NA,5.May.78,cal,-97735,-104370,19.73,NA,37.524,9.89,5.2,0.77,0,0,0,0,1043,,,-1.0000 sylvite 1.0000 Cl- 1.0000 K+,,K+ Cl-
talc,Tcl,Mg3Si4O10(OH)2,cr,HDNB78 [S92],NA,5.May.78,cal,-1320188,-1410920,62.34,NA,136.25,82.482,41.614,-13.342,0,0,0,0,800,,,-1.0000 talc -6.0000 H+ 3.0000 Mg+2 4.0000 H2O 4.0000 SiO2,,4Si+4 2H+ 3Mg+2 12O-2
tenorite,Tn,CuO,cr,HDNB78 [S92],NA,5.May.78,cal,-30568,-37200,10.18,NA,12.22,11.53,1.88,-1.76,0,0,0,0,1600,,,-1.0000 tenorite -2.0000 H+ 1.0000 Cu+2 1.0000 H2O,,Cu+2 O-2
titanite,Ti-SPHENE,CaTiSiO5,cr,7,"9,19",31.MAR.92,cal,-587349,-621180,30.88,NA,55.65,42.23422,5.703951,-9.525038,0,0,0,0,1800,,,-1.0000 titanite 1.0000 Ca+2 1.0000 Ti+4 1.0000 SiO2 -6.0000 H+ 3.0000 H2O,,Ca+2 Ti+4 Si+4 5O-2
tremolite,Tr,(Ca2Mg5)Si8O22(OH)2,cr,HDNB78 [S92],SPRONS92.2,15.Mar.90,cal,-2770245,-2944038,131.19,NA,272.92,188.222,57.294,-44.822,0,0,0,0,800,,,-1.0000 tremolite -14.0000 H+ 2.0000 Ca+2 5.0000 Mg+2 8.0000 H2O 8.0000 SiO2,idealized,8Si+4 2Ca+2 2H+ 5Mg+2 24O-2
ulvospinel,Fe2TiO4,Fe2TiO4,cr,SG90,NA,NA,cal,-333444,-355522,44.29,NA,46.82,40.241,6.282,-7.658,0,0,0,0,1640,,,-1.0000 ulvospinel 2.0000 Fe+2 1.0000 Ti+4 -8.0000 H+ 4.0000 H2O,,2Fe+2 Ti+4 4O-2
wairakite,Wai,Ca(Al2Si4)O12*2H2O,cr,HDNB78 [S92],SPRONS92.2,15.Mar.90,cal,-1477432,-1579333,105.1,NA,186.87,100.4,44.47,-16.43,0,0,0,0,1000,,,-1.0000 wairakite -8.0000 H+ 1.0000 Ca+2 2.0000 Al+3 4.0000 SiO2 6.0000 H2O,,Ca+2 2Al+3 4Si+4 4H+ 14O-2
wollastonite,Wo,CaSiO3,cr,HDNB78 [S92],SPRONS92.2,15.Mar.90,cal,-369225,-389590,19.6,NA,39.93,26.64,3.6,-6.52,0,0,0,0,1400,,,-1.0000 wollastonite -2.0000 H+ 1.0000 Ca+2 1.0000 H2O 1.0000 SiO2,,Si+4 Ca+2 3O-2
wurtzite,Wur,ZnS,cr,HDNB78 [S92],NA,5.May.78,cal,-44810,-45850,14.064,NA,23.846,11.82,1.16,-1.04,0,0,0,0,1300,,,-1.0000 wurtzite -1.0000 H+ 1.0000 HS- 1.0000 Zn+2,idealized,Zn+2 S-2
zincite,Znc,ZnO,cr,G9A,NA,5.May.78,cal,-76596,-83762,10.43,NA,14.338,11.71,1.22,-2.18,0,0,0,0,2000,,,-1.0000 zincite 1.0000 Zn+2 -2.0000 H+ 1.0000 H2O,,Zn+2 O-2
zoisite,Zo,Ca2Al3Si3O12(OH),cr,HDNB78 [S92],SPRONS92.2,15.Mar.90,cal,-1549179,-1643691,70.74,NA,135.9,106.118,25.214,-27.145,0,0,0,0,700,,,-1.0000 zoisite -13.0000 H+ 2.0000 Ca+2 3.0000 Al+3 3.0000 SiO2 7.0000 H2O,,3Al+3 2Ca+2 H+ 13O-2 3Si+4
mg-beidellite,Mg-Bei,Mg0.165Al2.33Si3.67O10(OH)2,cr,21,NA,1.Mar.18,cal,-1277068.1,-1366861,57.809,NA,128.725,81.94495,37.2604,-18.0179,0,0,0,0,800,,,-1.0000 mg-beidellite 2.3300 Al+3 0.1650 Mg+2 3.6700 SiO2 -7.3200 H+ 4.6600 H2O,,0.165Mg+2 2.33Al+3 3.67Si+4 12O-2 2H+
mg-montmorillonite,Mg-Mnt,Mg0.495Al1.67Si4O10(OH)2,cr,21,NA,1.Mar.18,cal,-1268462.4,-1357688,59.309,NA,132.029,79.93525,39.61,-16.6319,0,0,0,0,800,,,-1.0000 mg-montmorillonite 1.6700 Al+3 0.4950 Mg+2 4.0000 SiO2 -6.0000 H+ 4.0000 H2O,,0.495Mg+2 1.67Al+3 4Si+4 2H+ 12O-2
mg-nontronite,MG-Nnt,Mg0.165Fe2Al0.33Si3.67O10(OH)2,cr,21,NA,1.Mar.18,cal,-1075966,-1162870,67.01,NA,134.809,77.94495,53.0404,-13.1879,0,0,0,0,800,,,-1.0000 mg-nontronite 0.3300 Al+3 2.0000 Fe+3 0.1650 Mg+2 3.6700 SiO2 -7.3200 H+ 4.6600 H2O,,0.165Mg+2 2Fe+3 0.33Al+3 3.67Si+4 12O-2 2H+
mg-saponite,Mg-Sap,Mg3.165Al0.33Si3.67O10(OH)2,cr,21,NA,1.Mar.18,cal,-1341259.1,-1432864,61.629,NA,132.602,84.99295,39.6564,-14.0759,0,0,0,0,800,,,-1.0000 mg-saponite 0.3300 Al+3 3.1650 Mg+2 3.6700 SiO2 -7.3200 H+ 4.6600 H2O,,3.165Mg+2 0.33Al+3 3.67Si+4 12O-2 2H+
na-beidellite,Na-Bei,Na0.33Al2.33Si3.67O10(OH)2,cr,21,NA,1.Mar.18,cal,-1279691.6,-1369756,59.656,NA,130.727,83.2765,37.78015,-18.25055,0,0,0,0,800,,,-1.0000 na-beidellite 2.3300 Al+3 0.3300 Na+ 3.6700 SiO2 -7.3200 H+ 4.6600 H2O,,0.33Na+ 2.33Al+3 3.67Si+4 12O-2 2H+
na-montmorillonite,Na-Mnt,Na0.33Mg0.33Al1.67Si4O10(OH)2,cr,21,NA,1.Mar.18,cal,-1271085.9,-1360582,61.157,NA,134.03,81.3097,40.75015,-16.5329,0,0,0,0,800,,,-1.0000 na-montmorillonite 1.6700 Al+3 0.3300 Mg+2 0.3300 Na+ 4.0000 SiO2 -6.0000 H+ 4.0000 H2O,,0.33Na+ 0.33Mg+2 1.67Al+3 4Si+4 2H+ 12O-2
na-nontronite,Na-Nnt,Na0.33Fe2Al0.33Si3.67O10(OH)2,cr,21,NA,1.Mar.18,cal,-1078589.5,-1165767,68.852,NA,136.81,79.2765,53.56015,-13.42055,0,0,0,0,800,,,-1.0000 na-nontronite 0.3300 Al+3 2.0000 Fe+3 0.3300 Na+ 3.6700 SiO2 -7.3200 H+ 4.6600 H2O,,0.33Na+ 2Fe+3 0.33Al+3 3.67Si+4 12O-2 2H+
na-saponite,Na-Sap,Na0.33Mg3Al0.33Si3.67O10(OH)2,cr,21,NA,1.Mar.18,cal,-1343882.6,-1435715,63.623,NA,135.32,86.3245,40.17615,-14.30855,0,0,0,0,800,,,-1.0000 na-saponite 0.3300 Al+3 3.0000 Mg+2 0.3300 Na+ 3.6700 SiO2 -7.3200 H+ 4.6600 H2O,,0.33Na+ 3Mg+2 0.33Al+3 3.67Si+4 12O-2 2H+
k-montmorillonite,K-Mnt,K0.33Mg0.33Al1.67Si4O10(OH)2,cr,21,NA,1.Mar.18,cal,-1273171.4,-1362699,62.108,NA,137.455,81.3097,40.75015,-16.5329,0,0,0,0,800,,,-1.0000 k-montmorillonite 1.6700 Al+3 0.3300 K+ 0.3300 Mg+2 4.0000 SiO2 -6.0000 H+ 4.0000 H2O,,0.33K+ 0.33Mg+2 1.67Al+3 4Si+4 2H+ 12O-2
k-nontronite,K-Nnt,K0.33Fe2Al0.33Si3.67O10(OH)2,cr,21,NA,1.Mar.18,cal,-1080675.1,-1167878,69.821,NA,140.235,79.3194,54.18055,-13.0889,0,0,0,0,800,,,-1.0000 k-nontronite 0.3300 Al+3 2.0000 Fe+3 0.3300 K+ 3.6700 SiO2 -7.3200 H+ 4.6600 H2O,,0.33K+ 2Fe+3 0.33Al+3 3.67Si+4 12O-2 2H+
k-saponite,K-Sap,K0.33Mg3Al0.33Si3.67O10(OH)2,cr,21,NA,1.Mar.18,cal,-1345968.2,-1437828,64.585,NA,138.745,86.3674,40.79655,-13.9769,0,0,0,0,800,,,-1.0000 k-saponite 0.3300 Al+3 0.3300 K+ 3.0000 Mg+2 3.6700 SiO2 -7.3200 H+ 4.6600 H2O,,0.33K+ 3Mg+2 0.33Al+3 3.67Si+4 12O-2 2H+
h-beidellite,H-Bei,H0.33Al2.33Si3.67O10(OH)2,cr,21,NA,1.Mar.18,cal,-1260419.6,-1351223,58.286,NA,128.913,81.4384,38.3329,-17.7737,0,0,0,0,800,,,-1.0000 h-beidellite 2.3300 Al+3 3.6700 SiO2 -6.9900 H+ 4.6600 H2O,,2.33Al+3 3.67Si+4 12O-2 2.33H+
h-montmorillonite,H-Mnt,H0.33Mg0.33Al1.67Si4O10(OH)2,cr,21,NA,1.Mar.18,cal,-1251813.8,-1342049,59.786,NA,132.216,79.4287,40.6825,-16.3877,0,0,0,0,800,,,-1.0000 h-montmorillonite 1.6700 Al+3 0.3300 Mg+2 4.0000 SiO2 -5.6700 H+ 4.0000 H2O,,0.33Mg+2 1.67Al+3 4Si+4 2.33H+ 12O-2
h-nontronite,H-Nnt,H0.33Fe2Al0.33Si3.67O10(OH)2,cr,21,NA,1.Mar.18,cal,-1059317.5,-1147233,67.482,NA,134.996,77.4384,54.1129,-12.9437,0,0,0,0,800,,,-1.0000 h-nontronite 0.3300 Al+3 2.0000 Fe+3 3.6700 SiO2 -6.9900 H+ 4.6600 H2O,,2Fe+3 0.33Al+3 3.67Si+4 12O-2 2.33H+
h-saponite,H-Sap,H0.33Mg3Al0.33Si3.67O10(OH)2,cr,21,NA,1.Mar.18,cal,-1324610.6,-1417179,62.263,NA,133.506,84.4864,40.7289,-13.8317,0,0,0,0,800,,,-1.0000 h-saponite 0.3300 Al+3 3.0000 Mg+2 3.6700 SiO2 -6.9900 H+ 4.6600 H2O,,3Mg+2 0.33Al+3 3.67Si+4 12O-2 2.33H+
feca-saponite,FeCa-Sap,Ca0.165Fe3Al0.33Si3.67O10(OH)2,cr,21,NA,1.Mar.18,cal,-1094972.8,-1179088,83.235,NA,145.315,91.0688,40.5475,-11.8991,0,0,0,0,800,,,-1.0000 feca-saponite 0.3300 Al+3 0.1650 Ca+2 3.0000 Fe+2 3.6700 SiO2 -7.3200 H+ 4.6600 H2O,,0.165Ca+2 3Fe+2 0.33Al+3 3.67Si+4 12O-2 2H+
feh-saponite,FeH-Sap,H0.33Fe3Al0.33Si3.67O10(OH)2,cr,21,NA,1.Mar.18,cal,-1074479.8,-1159948,82.212,NA,144.461,89.14325,40.3693,-11.6417,0,0,0,0,800,,,-1.0000 feh-saponite 0.3300 Al+3 3.0000 Fe+2 3.6700 SiO2 -6.9900 H+ 4.6600 H2O,,3Fe+2 0.33Al+3 3.67Si+4 12O-2 2.33H+
fek-saponite,FeK-Sap,K0.33Fe3Al0.33Si3.67O10(OH)2,cr,21,NA,1.Mar.18,cal,-1095837.4,-1180304,85.52,NA,149.7,92.1974,41.79655,-11.7869,0,0,0,0,800,,,-1.0000 fek-saponite 0.3300 Al+3 3.0000 Fe+2 0.3300 K+ 3.6700 SiO2 -7.3200 H+ 4.6600 H2O,,0.33K+ 3Fe+2 0.33Al+3 3.67Si+4 12O-2 2H+
femg-saponite,FeMg-Sap,Mg0.165Fe3Al0.33Si3.67O10(OH)2,cr,21,NA,1.Mar.18,cal,-1091128.3,-1175361,82.489,NA,143.557,90.82295,40.6564,-11.8859,0,0,0,0,800,,,-1.0000 femg-saponite 0.3300 Al+3 3.0000 Fe+2 0.1650 Mg+2 3.6700 SiO2 -7.3200 H+ 4.6600 H2O,,0.165Mg+2 3Fe+2 0.33Al+3 3.67Si+4 12O-2 2H+
fena-saponite,FeNa-Sap,Na0.33Fe3Al0.33Si3.67O10(OH)2,cr,21,NA,1.Mar.18,cal,-1093751.8,-1178205,84.509,NA,146.275,92.1545,41.17615,-12.11855,0,0,0,0,800,,,-1.0000 fena-saponite 0.3300 Al+3 3.0000 Fe+2 0.3300 Na+ 3.6700 SiO2 -7.3200 H+ 4.6600 H2O,,0.33Na+ 3Fe+2 0.33Al+3 3.67Si+4 12O-2 2H+
ca-beidellite,Ca-Bei,Ca0.165Al2.33Si3.67O10(OH)2,cr,21,NA,1.Mar.18,cal,-1280912.6,-1370650,58.345,NA,129.766,82.1908,37.1515,-18.0311,0,0,0,0,800,,,-1.0000 ca-beidellite 2.3300 Al+3 0.1650 Ca+2 3.6700 SiO2 -7.3200 H+ 4.6600 H2O,,0.165Ca+2 2.33Al+3 3.67Si+4 12O-2 2H+
ca-montmorillonite,Ca-Mnt,Ca0.165Mg0.33Al1.67Si4O10(OH)2,cr,21,NA,1.Mar.18,cal,-1272306.9,-1361477,59.845,NA,133.07,80.1811,39.5011,-16.6451,0,0,0,0,800,,,-1.0000 ca-montmorillonite 1.6700 Al+3 0.1650 Ca+2 0.3300 Mg+2 4.0000 SiO2 -6.0000 H+ 4.0000 H2O,,0.165Ca+2 0.33Mg+2 1.67Al+3 4Si+4 2H+ 12O-2
ca-nontronite,Ca-Nnt,Ca0.165Fe2Al0.33Si3.67O10(OH)2,cr,21,NA,1.Mar.18,cal,-1079810.5,-1166659,67.549,NA,135.85,78.1908,52.9315,-13.2011,0,0,0,0,800,,,-1.0000 ca-nontronite 0.3300 Al+3 0.1650 Ca+2 2.0000 Fe+3 3.6700 SiO2 -7.3200 H+ 4.6600 H2O,,0.165Ca+2 2Fe+3 0.33Al+3 3.67Si+4 12O-2 2H+
ca-saponite,Ca-Sap,Ca0.165Mg3Al0.33Si3.67O10(OH)2,cr,21,NA,1.Mar.18,cal,-1345103.6,-1436605,62.328,NA,134.359,85.2388,39.5475,-14.0891,0,0,0,0,800,,,-1.0000 ca-saponite 0.3300 Al+3 0.1650 Ca+2 3.0000 Mg+2 3.6700 SiO2 -7.3200 H+ 4.6600 H2O,,0.165Ca+2 3Mg+2 0.33Al+3 3.67Si+4 12O-2 2H+
k-beidellite,K-Bei,K0.33Al2.33Si3.67O10(OH)2,cr,21,NA,1.Mar.18,cal,-1281777.2,-1371872,60.608,NA,134.152,83.3194,38.40055,-17.9189,0,0,0,0,800,,,-1.0000 k-beidellite 2.3300 Al+3 0.3300 K+ 3.6700 SiO2 -7.3200 H+ 4.6600 H2O,,0.33K+ 2.33Al+3 3.67Si+4 12O-2 2H+
flourapatite,Flo-Ap,Ca5(PO4)3F,cr,ZS91,NA,1.Jun.19,cal,-1539926,-1630843,92.7,NA,157.532,159.835,0.0014277,-0.0017294,0,0,0,0,1582,,,-1.0000 flourapatite 5.0000 Ca+2 1.0000 F- 3.0000 HPO4-2 -3.0000 H+,,5Ca+2 3P+5 12O-2 F-
hydroxyapatite,Hy-Ap,Ca5(PO4)3OH,cr,ZS91,NA,1.Jun.19,cal,-1505187,-1600069,95.3,NA,158.223,181.353,0.0021865,-0.0023776,0,0,0,0,1471,,,-1.0000 hydroxyapatite 5.0000 Ca+2 3.0000 HPO4-2 -4.0000 H+ 1.0000 H2O,,5Ca+2 3P+5 13O-2 H+
chlorapatite,Chl-Ap,Ca5(PO4)3Cl,cr,ZS91,NA,1.Jun.19,cal,-1486000,-1576783,95.58,NA,164.025,158.665,0.0018607,-0.0015732,0,0,0,0,1045,,,-1.0000 chlorapatite 5.0000 Ca+2 1.0000 Cl- 3.0000 HPO4-2 -3.0000 H+,,5Ca+2 3P+5 12O-2 Cl-
chlorannite,Cl-An,KFe3(AlSi3O10)Cl2,cr,ZS91,NA,1.Jun.19,cal,-1092500,-1166152,107.44,NA,172.47,165.014,0.0029587,-0.0012683,0,0,0,0,666,,,-1.0000 chlorannite 1.0000 Al+3 2.0000 Cl- 3.0000 Fe+2 1.0000 K+ 3.0000 SiO2 -8.0000 H+ 4.0000 H2O,,K+ 3Fe+2 Al+3 3Si+4 10O-2 2Cl-
CH4(g),CH4,CH4,gas,WEP+82 [S92],Kel60 [S92],15.Dec.87,cal,-12122.4,-17880,44.518,NA,0,5.65,11.44,-0.46,0,0,0,0,1500,,,-1.0000 CH4(g) -2.0000 O2(g) 1.0000 H+ 1.0000 H2O 1.0000 HCO3-,,C-4 4H+
CO(g),CO,CO,gas,Sho93.1 [S98],NA,18.Mar.93,cal,-32784,-26416,47.245,6.965,0,6.79,0.98,-0.11,0,0,0,0,5000,,,-1.0000 CO(g) -1.0000 H2O -0.5000 O2(g) 1.0000 HCO3- 1.0000 H+,,C+2 O-2
CO2(g),CO2,CO2,gas,WEP+82 [S92],Kel60 [S92],27.Dec.89,cal,-94254,-94051,51.085,NA,0,10.57,2.1,-2.06,0,0,0,0,2500,,,-1.0000 CO2(g) -1.0000 H2O 1.0000 H+ 1.0000 HCO3-,,C+4 2O-2
H2(g),H2,H2,gas,WEP+82 [S92],Kel60 [S92],27.Dec.89,cal,0,0,31.234,NA,0,6.52,0.78,0.12,0,0,0,0,3000,,,-1.0000 H2(g) -0.5000 O2(g) 1.0000 H2O,refstate,2H
H2O(g),steam,H2O,gas,SLOP16,NA,24.Mar.90,,-54524.8,-57935.1,44.763,NA,0,12.6647,-10.4041,0.013078,0,0,0,0,2523.15,,,-1.0000 H2O(g) 1.0000 H2O,,O-2 2H+
H2S(g),H2S,H2S,gas,WEP+82 [S92],Kel60 [S92],27.Dec.89,cal,-8021,-4931,49.185,NA,0,7.81,2.96,-0.46,0,0,0,0,2300,,,-1.0000 H2S(g) 1.0000 H+ 1.0000 HS-,,S-2 2H+
N2(g),N2,N2,gas,WEP+82 [S92],Kel60 [S92],27.Dec.89,cal,0,0,45.796,NA,0,6.83,0.9,-0.12,0,0,0,0,3000,,,-1.0000 N2(g) -2.5000 O2(g) -1.0000 H2O 2.0000 H+ 2.0000 NO3-,refstate,2N
NH3(g),NH3,NH3,gas,WEP+82 [S92],Kel60 [S92],26.Jul.89,cal,-3932,-11021,46,NA,0,7.11,6,-0.37,0,0,0,0,1800,,,-1.0000 NH3(g) -2.0000 O2(g) 1.0000 H+ 1.0000 H2O 1.0000 NO3-,,N-3 3H+
O2(g),O2,O2,gas,WEP+82 [S92],Kel60 [S92],27.Dec.89,cal,0,0,49.029,NA,0,7.16,1,-0.4,0,0,0,0,3000,,,-1.0000 O2(g) 1.0000 O2(g),refstate,2O
S2(g),S2,S2,gas,WEP+82 [S92],Kel60 [S92],27.Dec.89,cal,18953,30681,54.54,NA,0,8.72,0.16,-0.9,0,0,0,0,3000,,,-1.0000 S2(g) -2.0000 H2O 0.5000 SO4-2 1.5000 HS- 2.5000 H+,,2S
SO2(g),SO2,SO2,gas,WEP+82 [S92],Kel60 [S92],27.Dec.89,cal,-71748,-70944,59.33,NA,0,11.04,1.88,-1.84,0,0,0,0,2000,,,-1.0000 SO2(g) -1.0000 H2O -0.5000 O2(g) 1.0000 SO4-2 2.0000 H+,,S+4 2O-2
ETHYLENE(g),C2H4,C2H4,gas,G2,NA,22.SEP.93,cal,16280,12500,52.45,NA,0,8.35,0.15,-2.29,0,0,0,0,1000,,,-1.0000 ETHYLENE(g) 2.0000 METHANE 1.0000 O2(g) -2.0000 H2O,,2C-2 4H+
NO(g),Nitric,NO,gas,6,G17,11.Nov.00,cal,20690,21570,50.373,NA,0,6.2954,1.8362,0.248781,0,0,0,0,1000,,,-1.0000 NO(g) 1.0000 NO2- 1.0000 H+ -0.2500 O2(g) -0.5000 H2O,,N+2 O-2
N2O(g),Nitrous,N2O,gas,6,G17,11.Nov.00,cal,24904,19610,52.545,NA,0,9.8339,3.5123,-1.4916,0,0,0,0,1000,,,-1.0000 N2O(g) 2.0000 NO2- 2.0000 H+ -1.0000 O2(g) -1.0000 H2O,,2N+ O-2